"1",-918.625000000001,-4209.5,2783.0625,-524.250000000001,-6074.4375,-1093.9375,3526.0625,-866.625000000001,-1727.6875,4196.4375,3081.0625,-881.6875,-4324.25,2815.5625,-509.187499999999,-6307.25,-1234.375,3682.375,-912.8125,-1938.875,4252.5,2873.0625,-674.625,-3973.12499999999,3179.5625,-315.250000000001,-5984.6875,-1049.875,3679.0625,-759.562499999999,-1925.4375,4406.1875
"1",-547.125000000002,5810.37499999999,2210.3125,-579.124999999999,2391.0625,2680.3125,-626.187499999999,-1939.9375,2422.25,-630.25,-2122.9375,2330.5625,-532.812499999999,-4488.9375,2303.3125,-291.062499999999,-7529.49999999999,1141.75,1757.375,-5958.6875,324.0625,3618.9375,-3268.375,-101.125,4449,-1595.0625,-634.187500000001,5591.9375,1315.375,-575.812499999998,-204.8125,2542.4375
"1",-5847.1875,802.75,-1596.75,-3989.25,-322.75,-818.249999999999,447.8125,-589.437499999999,2188.5,5448.125,-359.1875,-252.5,5330.125,-2155.375,-6010.9375,952.374999999999,-1646.375,-1716.6875,-584.999999999999,1761.9375,5335.4375,-385.6875,322.125,5782.1875,-416.8125,-1432.125,3817.75,-2348.75,-5177.75,1885.5625,-2452.625,-5812.6875
"1",1129.0625,-9022.12499999999,-784.625,-2441.375,-4747.75,-548.25,-763.312499999999,932.0625,-545.874999999999,-140.625,7051.31249999999,-237.375,194.3125,10625.875,-1181.75,900.437499999999,9142.87499999999,-6118.6875,-496.4375,4107.8125,-11328.4375,-678.0625,-2174.8125,-7944.1875,-565.3125,-425.375,3610.0625,-241.375,2.00000000000039,9670.68749999999,-516.875,1596.9375
"1",8471.74999999999,-409.25,-1009.75,8197.74999999999,406.25,-4101.0625,2997.4375,1080.625,-5164.4375,-1059.1875,1492,-4855.5,-3527.375,881.062499999999,-1896.0625,-5943.87499999999,497.4375,6305.625,-4500,-188.3125,9996.68749999999,-4646.8125,-255.5625,8340.18749999999,-962.5625,-1110.4375,7917.06249999999,757.874999999999,-5035.6875,2880.4375,1452,-4595.5
"1",-2824,5717.8125,1358.3125,-5020.0625,2664.125,1175.4375,-5147.5,-976.937499999999,1066.125,-4558.25,-3262.5,1126.4375,-4847.0625,-4691.5625,746.0625,-852.5,-6107.875,631.625,4935.75,-6617.1875,184.749999999999,8029.99999999999,-5403.375,-112.9375,9174.62499999999,-2347,-604.687499999999,10187.5,-2593.3125,-1066.1875,8592.43749999999,293.124999999999
"1",-1452.1875,-4420.625,-5544.06249999999,-373.562499999999,9706.1875,-673.687499999998,-2567.5,-5374.12499999999,-337.624999999999,8782.4375,-530.562499999999,-1864.0625,-5557.375,-902.0625,8329.18749999999,-626.812499999999,-2057.25,-5594.68749999999,-950.4375,7842.56249999999,-299.687499999998,-2332.8125,-5750.6875,-553.125,8922.875,-516.75,-2937.99999999999,-4960.6875,524.437500000001,10312.125,-147.25,-3540.0625
"1",-3356.375,-5406,6.2499999999999,9171.62499999999,-561.625,-2126.6875,-5324.0625,-1612.9375,6155.5,0.500000000000138,3090.4375,-4771.8125,-5256.125,-3470.0625,-328.875,7770.56249999999,-4282.0625,-5599.6875,-775.874999999999,-154.8125,10353,-3024.75,-5399.5,-1903,-429.5,10418.0625,-2425.375,-5115.5,-2851.1875,-154,10313.25,-1627
"1",8760.12499999999,-558.4375,6340.6875,-3863.6875,-2932.8125,-5067.1875,-1189.25,5016.5,-325.1875,10127.25,-2053.8125,-1011.625,-5268.5,-4134.5625,-3223.125,-461.125,8044.56249999999,-502.75,9888.81249999999,-2857.4375,8067.93749999999,-642.625,-4171.6875,-3159.1875,-142.375,7212.99999999999,-261.9375,10314.5625,-2822.4375,-2310.875,-5672.0625,-3559.25
"1",-4622.375,1982.375,-302.875000000002,5342.6875,-3611,-3048.9375,3672.75,-215.125000000003,-2290.5,-3884.6875,-396.812499999999,7981.24999999999,-1241.4375,-3863.9375,-2314.625,-332.437499999997,7178.31249999999,-2087.0625,-4431.5,-430.187499999996,-321.187499999999,7912.4375,-3237.3125,-4649.9375,780.187500000001,-456.812500000001,7229.56249999999,-2976.5,-4618,654.25,-351.625,6536.4375
"1",-6367,3681.375,-27.2499999999993,120.3125,-3047.0625,-3201.3125,-673.125,41.0624999999995,9977.87499999999,-4076.25,-352.875,-6720.3125,2768.625,242,-75.8749999999999,-1139.9375,-3663.6875,-606.5625,-96.9375000000001,10237.6875,-3734.6875,-480.124999999999,-6645.875,1027.9375,36.6875000000002,-244.8125,9922.93749999999,-4299.375,-428.375,-6865.0625,2326.125,319.1875
"1",-3283.3125,270.5,8579.56249999999,-1825.25,-4934.8125,402.125000000001,349.249999999998,6385.25,-3729.5,-779.374999999998,7547.37499999999,-564.499999999999,-5086.9375,-2160.1875,89.8750000000005,7562.56249999999,-3445,-1286.125,6785.18749999999,-524.8125,-4786.1875,-2023.0625,267.1875,7016.0625,-3606.375,-1.49999999999952,8684.12499999999,-555.3125,-5210.5,-1068.375,213.999999999999,3724.6875
"1",5755.375,-257,184.749999999999,5561.37499999999,-1311.4375,451.625,5165.3125,-2094.5625,414.5,2674.0625,-2981.0625,122.375,-5450.8125,-3217.4375,45.1874999999999,-5017.1875,-2050.8125,408.625,-5238.75,-1104.125,1419.8125,-4419.1875,841.312499999999,1544.1875,-4747.1875,890.687499999999,1876.8125,-4678.875,-295.875,1585.625,-5015.1875,-479.937499999999
"1",9732.74999999999,2081.5,-253.5,10539.9375,-173.124999999999,-518.6875,8134.81249999999,-3003.5,-690,-5622.6875,-5237.9375,-649.749999999999,-7259.87499999999,-1444.5625,815.3125,-384.0625,10210.9375,1987.625,-357.125,10444.0625,-521.4375,-528.5625,1203.9375,-4550.625,-814.812499999999,-6287.75,-4586.125,-437,-6030.4375,1422,1491.25,-836.499999999999
"1",2167.9375,10101.1875,-1942.5625,-114,1640.75,9259.74999999999,-2480.8125,-153.374999999999,1719.625,8930.18749999999,-2097,-146.9375,1823.25,9760.6875,-2560.125,-40.2500000000003,1781.125,9843.81249999999,-3008.25,-187.5,1769.875,10105.5,-2815.4375,-127.5,1986.8125,10139.8125,-1857.75,-127.3125,2160.125,9979.68749999999,-1614.5,-89.3124999999998
"1",-3465.5,-6.50000000000138,407.5,-5461.625,-992.312499999999,4060.5,10074.4375,-9942.31249999999,-112.187500000001,2283.1875,11317.6875,-7301.93749999999,-171.687500000001,2332.9375,11634.6875,-4052.1875,51.9375000000005,-5245.5,2315.125,-1668.5625,128.249999999999,2158.5,-11736.0625,-338.5625,1067.3125,6222.5625,-12222.75,-302.6875,2235.75,11566.6875,-5876.5625,29.625
"1",13190.625,-11010.5,-3203.25,15402.8125,-4108.1875,-7094.5625,-3850.9375,-142.562499999999,16883.5625,-9265.18749999999,-8995.9375,3835.5625,-644.124999999999,13985,-10647.3125,-3955.6875,14139.125,-2888.6875,-4600.25,-6413.5,-527.875,17388.4375,-6611.31249999999,-7194.12499999999,-4216.25,-494.812499999999,17690.5,-6564.74999999999,-6747.75,-2660.5,206.312499999999,17350.375
"1",-3600.1875,260.750000000003,9900.06249999999,279.937500000002,-4960.3125,3756.875,1509.875,-7544.625,-3442.3125,337.25,4452.12499999999,-4509.4375,-188.812500000002,10576.625,-86.4375000000021,-6087.24999999999,2737.625,1226.1875,-6680.6875,-3684.9375,-125.062499999997,8888.6875,-3047.5625,-439.374999999998,9667.31249999999,2042.9375,-6514.43749999999,-1296.625,688.124999999999,-2247.5625,-4792.5,-331.375
"1",-581.5625,3905.9375,-990,-4050.0625,2757.4375,-444.124999999999,-1273.25,-422.249999999999,-277.6875,4421.0625,-713.625,-4065.75,2036.875,-406.9375,2863.25,-1336.625,134.25,5874.375,-819.812499999999,-3954.375,1873.9375,-453.0625,2639.375,-764,-1303.625,5414.75,-739.875,-4625.1875,1054.5625,-450.9375,3745.75,-698.3125
"1",-117.1875,-3600.75,4063.75,-1236.8125,-550.6875,5975.75,-1526.1875,-269.6875,-4252.375,-361.124999999999,-515.875,73.1249999999997,6167.3125,-3752.8125,-325.8125,-4075.6875,3279.75,-313.5,320.625,3127.5,-2287.5625,-339.9375,660.562499999999,6326.4375,-2433.125,-438.4375,-3909.0625,2848.625,-298.375,275.875,5242.74999999999,-3892.5
"1",22.3749999999996,-4925.6875,5288.93749999999,-484.187499999999,-204.249999999999,-3389.375,5162.99999999999,-4294.6875,-292.125000000001,-309.812499999999,5088.8125,-5208.6875,-743.687499999999,128.187500000001,-3557.1875,6999.62499999999,-888.125000000001,-129.749999999998,155.937499999997,6682.5625,-7412.75,-420.937500000001,110.437499999999,-1735,3335.0625,-473.374999999999,-86.1874999999966,-2809,5460,-4968.0625,-145.312500000001,-99.6249999999991
"1",8022.4375,-4593.06249999999,-119.999999999999,-4126.25,6597.74999999999,-240.624999999999,477.375,-4939.625,1317.6875,-215.937499999999,-260.562499999999,5071.9375,-6587.0625,-750.312499999999,113.874999999999,8975.68749999999,-3313.875,293.6875,-3972.1875,4916.3125,-91.1249999999993,101.499999999999,92.7499999999989,-3728,-418.124999999998,-30.0000000000012,8762.8125,-3768.125,424.499999999999,-4281.125,4074.125,-98.1249999999994
"1",1.74999999999981,7308.49999999999,-1714.6875,31.3124999999997,7888.43749999999,-752.062499999999,-5383.3125,183.750000000001,-201.875,-3888.1875,-2724.4375,105.375,8012.49999999999,-1199.8125,152.4375,7832.75,-560.937499999999,-5404.6875,-209.75,-108,-3914,-3023.75,-195.125,7804.74999999999,-2313.9375,43.3124999999997,8136.06249999999,-925.75,-5029.0625,122.687499999999,-168.25,-4153
"1",-1329.5625,-12.2499999999996,-4886.4375,-3142.375,-172.25,-4369.0625,-3063.9375,-154.875,2383.5625,-1351.3125,-533.749999999999,7261.37499999999,727.3125,-285.062499999999,7623.74999999999,1039.0625,-1268.8125,5093.6875,968.374999999999,-5137.49999999999,-2263.5,-236.3125,-3833.4375,-3383.625,-580.6875,-1039,-1970.625,-535,8335.06249999999,-439.687499999999,-379.75,7030.9375
"1",2034.3125,-2905.37499999999,-4282.8125,-202.125000000001,3517.8125,-477.625000000002,-270.812499999996,4623.5,2598.8125,-3584.375,-1943.25,1447.6875,-3204.4375,-4213.8125,105.874999999998,5432.875,1696.25,-456.062499999999,2368.8125,2240.9375,-3271.43749999999,-4600.1875,-171.625000000003,4929,777.312499999999,-245.749999999999,3586.4375,2504.875,-3794.3125,-4645.625,459.999999999997,3242
"1",-427.8125,-4040,-651,-268.312499999999,-3871.875,-1012.4375,-124.0625,-3754,-1087.625,-161.562499999999,-4174.3125,-1130.625,-211.375,317.687499999999,-547.937499999999,-62.9375000000006,4689.625,75.4375,86.7499999999998,5231.125,4.00000000000018,43.8124999999997,5212.5,113.8125,26.125,4974.5625,141.5,-2244.625,2134.4375,-119.9375,-2959.1875,1825.3125
"1",-1143.3125,115.874999999998,869.312500000003,7832.99999999999,-1316.0625,72.687500000003,-3046.0625,-2916.06249999999,-641.687499999996,179.375000000001,7418.99999999999,-567.374999999997,381.75,2581.3125,-3848.68749999999,-332.125,-3706.5625,3975.5,-283.562500000003,44.4375,5361.25,-3378.875,-309.062499999995,-3050.875,706.374999999999,290.937500000002,-249.625000000004,6863.74999999999,-1733.9375,-1185.375,-4534.5,-2588.81249999999
"1",-625.499999999999,-469.5,-167.4375,3437.3125,1621.0625,-444.375,-181.8125,2672.6875,3307.5,-913.312499999999,-146.75,195.4375,718.374999999999,-2889.8125,-193.3125,118.875,-460.625,-4482.375,-521,33.0625,1362.25,-1143.5,-620.625,-128.375,3420.6875,2298.75,-504.6875,-199.8125,2726.8125,3317.125,-1821.25,-129.125
"1",140.812499999999,-182.375,890.312499999999,-421.4375,136.125000000001,-48.2500000000013,-6320.3125,-587.687499999999,-6.06249999999968,4068.9375,-5661.375,-638.0625,432.499999999999,7399.125,-2337.4375,-337.625000000001,-779.4375,5250.99999999999,-206.25,148.4375,-423.062499999999,-1700.875,-439.687499999999,142.5,2275.75,-7031.93749999999,-1148,-680.9375,3987.3125,-5271.25,-331.1875,1017.8125
"1",5908,-8236.56249999999,-241.4375,-4103.625,2523.5625,-851.749999999999,329.25,9921.99999999999,-3443.3125,74.75,3038.25,-6664.62499999999,-660.937499999999,-2506.5625,7707.0625,-1046,-142,6889.74999999999,-7077.93749999999,-171.75,-3065.5625,-3026.375,-772.749999999999,-2514.25,7902.43749999999,-1203.9375,108.6875,8195.12499999999,-6791.31249999999,-214.375,1845.8125,-6121.1875
"1",-4199.125,-4016.6875,8921.12499999999,-2440.0625,-2824.125,9762.87499999999,-2922.0625,-112.8125,11914.875,-6140.3125,25.9374999999995,235.062500000001,-3583.75,-1271.0625,-2200.18749999999,11131.5625,-4619.6875,-190.625000000001,-967.875,-2884.4375,-1277.8125,-3988.75,9414.31249999999,-2744.375,-150.062500000001,9524.68749999999,-8403.43749999999,-183.625,1613.5625,-5315.0625,-1154.1875,-2900
"1",2994.3125,112.937500000001,-8013.5625,-4567.1875,833.374999999999,-8163.56249999999,-4127.56249999999,630.8125,-8164.74999999999,-4203.125,743.8125,-7900.74999999999,-3841.5,909.5625,-4128.875,2544.8125,2758.125,329.3125,-5569.4375,-3149.75,406.375,-7779.6875,-3365.99999999999,106.4375,-29.0624999999996,8726.49999999999,3772,-434.187499999999,8342.68749999999,3584.5,-60.0625000000007,-7957.25
"1",-698.812500000003,-679.937499999999,1802.9375,-246.937499999998,-1212.875,1569.3125,156.875000000002,-1501.875,1254,230.937499999999,-2050.125,1139.625,33.8750000000026,-1276.625,1529.4375,-146.9375,-912.937500000001,1563.4375,-1.37500000000195,-112.124999999999,946.750000000001,-1166.0625,83.8124999999998,-1293.4375,1564.875,102.687499999998,328.6875,1835.31249999999,-616.687499999999,-39.75,1114.25,-1133.93750000001
"1",-2344.6875,-1221.625,2548,-700.437499999999,826.312500000002,-1990.37499999999,-886.437499999999,3071.12499999999,-784.812499999996,-191.062499999994,-1769.125,-536.062500000004,3360.06249999999,-1097.0625,-182.812500000001,-1709.875,-691.000000000001,3133.75,-880.062499999998,-393.500000000002,-1662.25,-302.0625,3769.6875,-995.624999999997,-616.374999999995,-1788.3125,-705.000000000004,3252.12499999999,-841.124999999997,-99.9374999999969,-1735.625,-1001.75
"1",3479.1875,-3541.62499999999,-2360.6875,2910.25,-941.937500000005,2851.0625,-3711.375,-2449.37499999999,1309,-263.187500000004,6175.12499999999,-1255.9375,3755.68749999999,-3065.6875,-2944.9375,-91.3749999999992,-1697.8125,4510.0625,-821.937499999998,3324.6875,-3223.9375,-3857.43749999999,-2036.125,-1955.81249999999,4846.4375,-1591.6875,-2646.9375,3270.31250000001,-1074.625,-3.31250000000197,6130.06249999999,-1097.12499999999
"1",-435.9375,190.1875,4513.4375,-1256.25,358.4375,3869.5,-8250.81249999999,-1009.9375,1191.5,9204.5,-3392.0625,-420.75,-410.9375,5000.24999999999,-1217.8125,124.125,953.1875,-5675.37499999999,-1436.5625,1561.625,7795.62499999999,-3242.8125,5.68749999999967,-2364.125,-2747.375,-1176.3125,1500.4375,9022.12499999999,-3326.8125,35.8750000000001,-2665.0625,-294.250000000001
"1",-811.687499999999,797.500000000001,8808.18749999999,-2653.5625,137.375,1873.4375,-9053.18749999999,-642,52.8750000000003,9843.06249999999,-1700.375,15.6250000000005,1603.75,-7992.43749999999,-884.999999999999,1728.75,8546.18749999999,-4300.5625,-96.4375000000003,-2711.5625,-1874,-1013.6875,1438.3125,9974.56249999999,-4579.875,100.312500000001,-2903.625,-1679.75,-1084.125,1836.125,6679.93749999999,-6102.0625
"1",-814.812499999998,2951.125,-1348.6875,101.25,509.749999999997,-4930.125,-1211.875,626.625,5659.62499999999,-4523.1875,-376.375,-651.1875,2125.25,-1500.25,80.5625000000002,5373.1875,-6836.8125,-575.187499999999,-1417.5,6307.68749999999,-1176.4375,-49.0000000000009,-1930.9375,-341.5,-1344.625,271.6875,673.437499999998,-4564.625,-1174,286.875,4222.25,-6056.18749999999
"1",-3354.9375,-2330.5625,-334.0625,-691.5,-629.5625,-74.7499999999989,1950.625,-6170.0625,-1117.875,345.1875,-57.1875000000001,2988.3125,-7864.56249999999,656.374999999999,5997.75,-1735.9375,79.6250000000005,318.8125,-2001.3125,2451.4375,-1615.5625,-286.312499999999,-105.562500000001,1378.125,-3550,570.0625,6290.6875,-4733.125,-226.875,-97.4999999999993,1165.9375,7835.56249999999
"1",-3285.4375,-286.000000000002,-320.437499999999,9822.87499999999,342.937499999999,-62.8750000000017,-5695.62499999999,-3415.0625,-361.500000000001,-2289.25,7465.87499999999,611.999999999999,108.374999999997,4527.5,-2895.375,-396.562500000001,-7152.68749999999,1497.1875,270.1875,223.000000000002,9923.43749999999,-1782.1875,-289.874999999998,-7960.43749999999,-1533.375,-78.7499999999986,91.4375000000009,10264.3125,-510.562499999998,-300.999999999998,-7913.74999999999,-2056.375
"1",-4665.31249999999,-250.6875,-525.625,-48.0624999999991,-4774.8125,-706.1875,-1005.125,-8841.81249999999,1945.5,-529.4375,-8211.93749999999,-313.750000000003,-266.125,-329.5,-9747.93749999999,3009.1875,-411.1875,13536.0625,-4686.75,-223.312499999999,7.50000000000017,4486.125,-3540.8125,-752.375,12274.6875,-2444.75,-168.250000000001,62.4999999999999,11718.5,-5295.0625,-9204.62499999999,1325.6875
"1",-731.374999999999,6566.0625,-2902.25,-329,3338.375,-1562,-89.5625000000004,-5467.125,582.750000000002,79.3124999999993,-6143.5,2500.5625,207.875000000001,-5768.0625,3395.1875,189.8125,-6175.9375,3716.3125,-360.4375,-3100.1875,6215.49999999999,-1507.375,-533.8125,7703.12499999999,-2446.3125,-801.375,7173.06249999999,-3308.9375,-853.625,6764.9375,-3410.3125,-777.187499999999
"1",3904.1875,110.5,-834.999999999999,4550.5,-71.3125,-469.6875,4284.4375,416.4375,-448.0625,3952.5625,263.875,-600.0625,4550.125,-94.1249999999997,-515.375,5642.5625,-552.625,-1322.25,5008.9375,-304.6875,-887.187499999999,5180.8125,-446.5,-730.812499999999,5457.0625,-558.1875,-1008.25,5133.25,-371.499999999999,-1693.625,4545,-382.25
"1",-9127.43749999999,-1103.25,255.749999999994,13504,-1588.43749999999,5127.00000000001,-6874,-9019.68749999999,-2832.37499999999,217.999999999997,13016.5625,-994.500000000006,8077.93749999999,-6140.25000000001,-8305.12499999999,-3324.18749999998,-180.124999999998,12394.0625,-623.812499999991,11357.8125,-5839.12499999999,-8260.31249999999,-3043.62499999999,-6.1874999999873,12429.5,-463.687500000002,12989.875,-5489.18749999999,-7896.8125,-4890.87500000001,-3644.62499999999,8117.43749999999
"1",-643.624999999999,13659.625,-1497.25,14094.4375,-3147.75,12733.8125,-4313.5625,2041.4375,-5298.5,-5658.6875,-5660.6875,-7176.56249999999,-3906.9375,-8373.49999999999,-824.3125,-7513.81249999999,2711.18749999999,-1824.75,10298.5,-475.249999999999,12902.9375,-1166.1875,13516.25,-2703.375,12760.75,-4241.6875,4477.5,-5207.74999999999,-5085.6875,-5497.18749999999,-6912,-3538.3125
"1",-7754,1301.9375,-87.0000000000003,-7326.375,-2321.875,-478.625000000002,-5060.375,-4396.5,-741.437499999997,3502,-4595.75,-765.187500000002,12576.625,-3579.75,-732.937500000002,12601.25,-1511.50000000001,-3379.4375,7931.5625,-265.812500000002,-7884.81249999999,990.499999999999,-73.3124999999949,-7581.24999999999,-1886.875,-482.375000000001,-6669.74999999999,-3980.56249999999,-768.874999999998,-3676.5,-4736.3125,-775.624999999996
"1",-400.1875,298.875,5503.6875,-2172.9375,-337.0625,-26.8124999999999,5947.4375,-1553.875,-267.75,-726.499999999999,6449.5,-186.4375,-169.0625,-707.5,6559.375,224.4375,-261.1875,-357.625,6444.6875,-779.124999999999,-300.625,-674.312499999999,6207.875,-658.3125,-195.3125,-534.1875,6226.4375,-231.0625,-305.375,-623.687499999999,6710.24999999999,128.75
"1",2565.5625,-31.1250000000001,-299.1875,7877.43749999999,-1652.75,-500.375,516,-6699.5,-2926.375,899.625,40.8749999999999,-661.562499999999,8188.18749999999,-1023.5625,-522.4375,244.5625,-6811.125,-1613.6875,1945.875,-234.249999999999,-102.1875,7463.3125,-2889.25,-320.749999999999,-252.5,-4776.25,3462.4375,3161.5,-271.312499999999,-155.5,7524.24999999999,-2431.9375
"1",-11.8125000000001,-106.5,5563.25,3154.6875,-196.0625,132.375,-5190,-2555.75,2761.125,-509.999999999999,444.75,591.624999999999,-4462.75,75.4374999999995,62.9375000000008,346.4375,5177.0625,-3945.3125,-696.5625,151.125,-2061.125,3280.125,4791.125,-321.375,-59.1874999999999,-4171.8125,-4518.3125,271.25,-94.9999999999998,70.750000000001,5883.5,-3631.9375
"1",-6932.6875,-3954.5625,1014.3125,10503.5625,465.312500000001,-6071.125,-4646.125,-221.437499999999,7724.99999999999,2187.75,5475.12499999999,-2861.625,-7559.4375,-3060.75,1050.4375,9705.8125,36.6250000000002,-5215,-3939.06249999999,-6096.3125,-1484.5,44.0624999999985,9351.49999999999,-413.375000000001,-6206.18749999999,-4866.375,-2491.0625,4983.9375,1874.75,9860.62499999999,-1928.9375,-7066.4375
"1",904.687499999998,1860.0625,-3702.5625,-2709.3125,4785.5,-7432,-4262.3125,9476.31249999999,1157.625,-7093.12499999999,2173.0625,1388.1875,-6289.8125,-2657.375,1030.5,9749.62499999999,-2361.5625,-169.062499999998,10486.4375,1095.25,-7674.43749999999,-927.437499999999,1302.875,-1133,-3639.5625,353.0625,11073,442.9375,-7414.06249999999,-1909.625,997.062499999999,11311.125
"1",-145.75,10177.25,591.6875,-4918,4490.875,1872.5625,-6947.8125,-3437.375,262.125,9689.12499999999,-1133.9375,-1944.625,8095.18749999999,1675.375,-7978.87499999999,-930.5,995.062499999999,-6581.5,-4142,449.875,4335.4375,-3652.375,-703.1875,9211.37499999999,1148.4375,-7802.31249999999,-1652.1875,925.562499999999,-6465.9375,-4308.375,352.75,4887
"1",1631.375,8385.43749999999,2029.1875,116.8125,8128.5625,5195.25,-7474.43749999999,-3127.375,3357.375,-8356.43749999999,-6541.5,1875,4354.5625,351.312500000001,968.499999999999,9841.62499999999,4957.125,-1220.9375,5313.125,4331,-8806.18749999999,-6356.0625,2909.5,-8880.06249999999,-5554.75,1403.1875,4031.125,-310.125000000001,876.187499999999,9625.49999999999,4037.6875,55.8125000000001
"1",-116.875,12445.5625,-313.6875,-269.25,64.6875,11590.75,-2496.75,-307.125,278.5,-5755.625,-4587.375,-519.25,208.625,-9045.37499999999,-3655.8125,-186.3125,81.5625,-9588.93749999999,-1640.1875,976.374999999999,41.0625,-5415.4375,5988.0625,2482.625,54.3124999999999,-232.75,12538.8125,425.6875,-375.0625,-169.25,11905.375,-524.6875
"1",-648.75,9930.68749999999,4038.75,-53.4374999999994,-378.1875,10294.375,700.25,-252.062499999999,54.0625000000004,4987.6875,-7869.43749999999,284.125000000001,729,-7398.31249999999,-5465.8125,4331.9375,1647.12499999999,-7927.68749999999,-6213.4375,3114.9375,-703.437500000001,-5592.875,3625,6829.75,-346.062499999999,-2186.0625,7738.31249999999,5507.25,-751.499999999998,-1178.5,8580.56249999999,4546.625
"1",414.624999999999,-5569.125,-2650.875,-335.187499999998,-6455.5,-1009.8125,-230.375000000001,-5158.9375,1067.3125,326.749999999999,224.75,-1131.6875,-1835.375,92.0000000000008,-2671.5,4692.4375,1027.375,224.625000000002,1268.9375,-2752.9375,-195.875000000001,-6662.625,-589.062500000003,-121.062500000001,-4239.875,2742.5,703.062499999999,-160.4375,7421.43749999999,1166.5625,332.875000000001,-6073.74999999999
"1",3948.125,-949.75,-4026.37499999999,-4191.81249999999,1758.125,4309.5,-826.250000000001,1686.0625,-1768.25,-704.5625,549.312500000002,-1406.8125,2905.06249999999,-340.249999999998,-1122.4375,-638.874999999997,-3130.6875,2083.375,1593.3125,-1026.875,-1933.375,-3824.125,1880.6875,3465.3125,-840.187499999999,-3416.56249999999,-3728.0625,2660.4375,4989.75,-867.125000000003,-4286.24999999999,-3918.74999999999
"1",1028.75,1219.5,-483.9375,-2650.875,-3341.5,170.124999999999,1676.6875,-1625.5625,752.124999999993,1207.3125,-939.249999999998,-3150.1875,-4335.75,-1474.0625,905.75,-1570.8125,2224.56249999999,3718.6875,1574.5625,-3155.5,-1881.0625,-568.062500000005,567.062500000003,-1791.6875,1254.9375,3909.68749999999,1432.875,-3503.49999999999,-4445.375,-3411.0625,-872.500000000004,-1812.5625
"1",777.562499999999,1324.375,-205.4375,-327.375,66.2499999999999,-467.5625,-481.124999999999,-627.75,348.6875,985.249999999999,-128.8125,-2185.9375,29.6875,267.5,554.3125,-290.625,1185.0625,376.9375,-412.0625,-677.249999999999,-457.4375,262.625,950.562499999999,-16.2499999999999,-2259.9375,92.0624999999999,467.499999999999,527.5,-366.875,1281.3125,319.0625,-482
"1",-63.5,-2664.75,-3587.6875,-102.375,-360.000000000001,-2359.4375,-145.125,1542.625,-1382.4375,-72.1250000000002,2476.6875,-586.749999999998,-162.8125,2640.9375,-462.062499999999,-274.1875,2840,434.875,-449.499999999999,2823.5,952.125,-427.875,2741.6875,1178.3125,-477.624999999999,2561.375,2008.1875,-503.1875,2617.3125,2586.3125,-545.6875,2560.4375
"1",-5853.0625,-7519.99999999999,-1163.0625,336.9375,13042.875,-1357.0625,-5329.8125,-7431.49999999999,-5419.6875,3290.125,542.6875,13268.4375,-1256.5625,-3041.8125,-6804.37499999999,-7656.43749999999,-3270.1875,-86.6875000000001,11472.125,663,12765.9375,-2777.9375,-5228.3125,-6988.6875,-7788.56249999999,-1075.3125,106.875,12474.5625,-300.125,-245.937499999999,-5764.5625,-7484.49999999999
"1",97.5624999999999,-282.5,-5996.43749999999,-5178.1875,73.0000000000001,12936.125,-1568.9375,-5719.24999999999,4466,-198.9375,-7331.56249999999,-4983.125,-31.6874999999997,12947.8125,-1990.625,-6949.875,2406.6875,-182.25,-6201.6875,-5076.3125,219.25,13103.5625,-1251.125,-8423.93749999999,-1274.5,-172.4375,4481.75,-3991.0625,-188.5,12468.4375,-233.625,-8058.74999999999
"1",-114.625,-1331.125,-3607.375,98.2500000000001,-5129.5,-4939.5,-240.625,-7330.31249999999,-5716.375,-98.3124999999997,-7842.68749999999,-5732.56249999999,246.874999999999,-7707.49999999999,-5405.375,648.125,-7847.49999999999,-4111,1716.4375,-7077.93749999999,-2062.3125,2923.125,-3655.375,2979,4447.5,-1247.6875,6377.9375,4679.75,11.8750000000002,8167.43749999999,4926.75,96.0000000000004
"1",3110.125,278.0625,426.0625,5431.25,1539.0625,-802.749999999999,4736.1875,921.125,-5732.6875,-787.4375,155.1875,-5865.125,-1471.5,161.4375,577.187499999999,124.1875,508.0625,5881.375,1385.5625,-516.25,4911.5625,622.5,-5849.31249999999,-534.375,171.6875,-4404.3125,-700.374999999999,687.874999999999,5551,1316.4375,21.4999999999999,5565
"1",4513.625,473.5,6769,4186.3125,367.3125,6457.99999999999,3926.125,273.25,6295.375,4080.125,313.375,6645.87499999999,4186.3125,353,7110.3125,4184.375,281.3125,6682.3125,4003.9375,57.9375,6210.25,4596.0625,110.5625,6658.37499999999,4656,149,6884.74999999999,4526.6875,219.375,6761.62499999999,4548.9375,286.625
"1",356,128.625,-638.875,2846.6875,4828.875,362,-4399.625,-4994.8125,198.4375,409.4375,3247.25,2122.625,290.0625,-2232.0625,25.0000000000005,3847.875,385.75,-4409.4375,-4831.375,22.375,103.1875,3868,4438.375,254.5625,-3140.125,-1826.8125,2419,457.625,-3037.6875,-3564.6875,106.25,72.9375
"1",-356.875,5404.75,9085.62499999999,-102.687499999999,-2858.375,863.9375,7876.49999999999,4.43750000000036,-5166.6875,-3758.25,5473.3125,106.4375,-6434.43749999999,-6882.875,3073.4375,124.625,-6660.375,-8385.74999999999,1309.0625,290.5,-6567.625,-8453.93749999999,404.75,382.9375,-6508.6875,-7957.74999999999,14.6249999999996,341.5,-5154.875,-6372.375,-311.5,235.937499999999
"1",2620.0625,-278.625,-113.8125,-444.437499999999,3649.9375,-1021.875,-167.25,-544.749999999999,3297.9375,-1991.375,-226.375,-485.6875,2869.8125,-3093.1875,-359.3125,-377.687499999999,2494.3125,-3213.875,-333.3125,-112.4375,2864.5625,-2829.25,-150.875,260.1875,2482.375,-3093,-167.5625,446.312499999999,1559,-2619.25,-97.8750000000001,529.749999999999
"1",-6506.49999999999,-6833.125,-9428.375,-4666.12500000001,-8940,7940.49999999998,-6234.9375,18075.25,-2875.5625,17792.1875,-699.3125,15463.0625,-1219.0625,10752,-7005.12499999998,-148.312499999993,-8097.75,-6554.49999999999,-7245.68749999999,-9758.99999999999,-6532.5,-9144.6875,-5483.99999999998,-8179.75,-260.874999999987,-6573.1875,11742.875,-4269.0625,18626.125,-2643.3125,18976.4375,-1498.68749999999
"1",5164.25,-385.6875,-740.75,-4448.375,-1749.125,9778.12499999999,-817.499999999998,-5923.4375,-3893.625,-505.499999999998,11521.0625,-506.999999999999,-5929.5,-3465.6875,18.1874999999995,11103.5625,-744.125,-6936.8125,-3200.75,194.312499999999,12160.9375,-1042.625,-7238.31249999999,-2520.375,283.1875,12083.25,-1718.1875,-7027.37499999999,-1350.0625,4.37499999999996,11198.0625,-3027.9375
"1",6938.9375,-358.312499999998,-7993.12499999999,-992.374999999997,-270.562499999999,-6834.49999999999,-2547,-244.3125,2962.0625,-2256.87499999999,-99.8750000000007,11209.75,-1436.3125,-424.562500000001,10676.25,-638.812500000002,-6481.3125,1500,-599.749999999999,-7932.0625,-2163.375,-236.6875,-4171.375,-2600.375,-32.4374999999992,11019,-1515.125,-159.8125,10419.3125,-587.75,-6856.375,694.374999999999
"1",-2319.9375,-195.6875,8661.31249999999,-3409.1875,4.81250000000059,7959.87499999999,-5148.625,211.5,5666.1875,-6774.1875,-13.4375000000001,-2580.875,-6534.93749999999,-260.8125,-3838.375,-6134.8125,-383.874999999999,-3093.875,-4625.3125,-619.875,-2670.875,-1562.3125,-606.875,-2744.0625,315.499999999999,-414.249999999999,-2628.5625,-512.562499999999,-499.5,-2443.9375,-1562.625,-660.625
"1",-263.687499999999,-5018,-2458.875,-243.8125,5216.875,-3106.1875,-3234.0625,4127.5625,56.0625000000002,-5342.4375,-3049.75,-75.1874999999999,6100.375,-2523.25,-3365,2680.6875,32.1250000000001,-2147.0625,-3946.625,-35.6875000000001,6730.4375,-1951.8125,-3533.5625,1168.6875,-255.875,4512.9375,-4453.0625,704.312499999999,8173.81249999999,-1083.9375,-3192.75,2061.0625
"1",-4402.5625,-413.125,6134.3125,-4428.4375,257.1875,9423.12499999999,-2233.375,-4378.4375,5252.6875,-640.1875,-4764.4375,2953.5625,77.7500000000003,-6056.0625,-1427,110,5447.875,-5237.5625,-573.062499999999,7393.31249999999,-3689.5625,-3923.625,5803.4375,-383.562499999999,-4318.1875,1762.25,128.8125,2341.125,-4188.125,-466.0625,6663.0625,-4472.4375
"1",-189.062500000001,8560.12499999999,-2738.6875,-3809,-396.187500000002,-297.874999999999,8479.99999999999,-2489.8125,-4561,-1358.6875,-211.687499999996,8710.62499999999,-2525.37499999999,-4446.1875,-1214.125,-356.375,8305.99999999999,-2546.3125,-4017.12499999999,-397.4375,-283.562499999994,8236.5,-3092.6875,-4072.4375,-159.249999999998,-564.124999999998,7268.9375,-3711.125,-4055.625,1260.125,-403.9375,7381.37499999999
"1",-114.875000000001,8428.31249999999,-841.999999999997,473.499999999998,6195.4375,-4299.8125,272.6875,-4503.1875,-4591.9375,73.4375000000005,-5964.0625,-1675.93749999999,419.374999999998,-5461.5625,1610.0625,1069.0625,-623.187500000002,7807.68749999999,754.937499999997,-89.3749999999994,7936.18749999999,-1329.8125,246.9375,6359.24999999999,-3969.5625,492.625,-4332.5625,-4430.3125,195.6875,-5402.3125,-2388.875,335.75
"1",1728.0625,-3824.75,-4935.1875,3369.9375,-3306.1875,-1131.9375,5596,-330.8125,4121.75,6368.75,-109.374999999999,5913.4375,4351.8125,-213.9375,5798.875,782.874999999998,-39.875,1401.625,-4381.875,27.6874999999999,-3729.3125,-7272.62499999999,1115.0625,-4015.0625,-2759,4968.9375,-165.625,5157.3125,5751.125,-69.6875,6337.9375,925.9375
"1",4073.5625,199.375,9006.81249999999,-1571.6875,331.125000000001,-2548,-7488.24999999999,289.6875,-5800.5,-6918.625,514.750000000001,-6473.62499999999,-4826.1875,1433.5625,-1483.125,6598.6875,4078.9375,583.937499999999,8755.99999999999,23.2500000000005,476.000000000001,-1990.3125,-6692.8125,120.062499999999,-5239.5,-1738,1831.375,46.187499999999,7999.62499999999,862.0625,280.3125,-5516.125
"1",-2391.75,-2734.6875,-532.624999999999,-261.1875,5206.5625,-4136.0625,260.125,572.124999999999,-3951,-1345.125,-350.375,65.1875,-3404.875,-1929.125,-441.25,-174.5,5839.75,-5255.6875,-616.25,62.3124999999999,6276.125,-5005.125,-434.374999999999,394.75,5921.8125,-4824.125,-593.874999999999,-118.375,6067.5625,-5014.875,-402.5625,-35.4375000000003
"1",4986.625,1124.8125,-646.062500000001,6016.68749999999,1018.875,-484.625,5756.375,1027.4375,-508.312500000001,5943.5625,1229.5625,-146.750000000001,6015.5,2226.5,-92.0624999999995,3895.8125,1469.125,-3799.625,-1893.125,366.187500000001,-2565.6875,-855.062500000003,-102.812500000002,4744.25,1425.1875,-3606.25,-1480.9375,339,-2944.125,-1607.3125,-638.562499999999,3570
"1",1162.4375,-774.187499999999,308.249999999999,6319.1875,-1436.875,-507.375,3606.875,-3154.75,-288.1875,1264.375,-1939.8125,-396.875,-2393.25,744.937500000001,-752,-2312.4375,3073.6875,-712.0625,-1202.5,4814.24999999999,-1053.625,-719.6875,3970.875,-2670,-274.812500000001,2649.5625,-2346.75,-404.874999999999,-2934.3125,474.187499999999,-766.874999999999,-2249.5
"1",-2381.4375,-1934.125,-699.187500000002,5710.4375,-9384.68749999999,-632.5625,9068.06249999999,-7075.1875,-1877.625,10444.25,-1299.375,-1951.5,3825.3125,-446.749999999999,-2790.375,-5966.06249999999,-903.249999999998,6771.6875,-9979.24999999999,-810.25,10789.6875,-5491.6875,-3479.06249999999,7841.24999999999,-641.124999999998,-2181.875,-176.875,-670.749999999998,-1841.875,-7034.3125,103.624999999998,6807.87499999999
"1",-392.75,-8325.43749999999,-1241.24999999999,-369.125,-440.3125,13589.0625,-2482.375,-36.5625,1862.625,-5637.625,-546.562499999998,-9308.99999999999,2366.1875,-37.25,-218.6875,13359.75,-3895.875,-357.749999999999,-7056.5625,-3683.125,-504.75,-6345.625,7599.9375,-456.1875,-125.125000000001,12479.1875,-5407.1875,-536.1875,-8336.49999999999,-1206.625,-267.4375,-1069.0625
"1",1730.0625,-7162.87499999999,-670.937499999999,3118.6875,-5445.3125,766.25,6161.1875,-3100.9375,627.999999999999,6209.625,-2391.125,372.5625,6012.125,-1130.4375,1178.875,4444.75,-851.249999999999,1516.4375,1166.8125,-674.9375,-540,-1481,-623.125,1273.9375,-5167.625,-677.0625,1919.125,-6993.375,785.249999999999,6172.81249999999,-3367.1875,918.249999999999
"1",1610.8125,-4300.4375,-739.499999999999,2953.375,-2332.0625,3.49999999999927,2947,124.5,-907.124999999999,-1108.25,-554.624999999999,1532.75,-3872.1875,-66.1875,3984.1875,-465.937499999999,770.374999999999,743.9375,-216.4375,1357.625,-4240.8125,82.4374999999989,2963.5,-211.812500000001,998.9375,-4025.9375,-164.375,3367.9375,-266.624999999999,-1245.0625,-1687.375,-586.0625
"1",-3054.125,-47.7499999999984,-245.250000000004,4031.9375,-23.1875000000003,42.6875000000023,-1571.125,520.5625,694.812499999999,142.750000000002,2276.875,-1816.5,-785.437499999999,171.249999999999,2971.625,-1328.375,-695.562500000001,-2147.8125,1298.125,815.375,88.7499999999994,-1365,-1795.0625,268.6875,314.749999999999,2888.3125,-1017.375,-212.124999999999,-2050.625,1157.3125,725.312499999999,47.9374999999998
"1",-777.874999999999,3825.1875,-464.3125,-107.3125,-3800.5,-158,3026.75,-6504.5625,-234,6460.56249999999,-2421.5625,-401.9375,5711.9375,-285,192.374999999999,746.687499999999,-316.625,158.75,-3572.625,-658.249999999999,-3541.0625,-5717.1875,-299.0625,2737.125,-5196.8125,-467,4795.4375,-2677.9375,787.249999999999,6032.99999999999,-379.1875,141.5
"1",-6158.0625,-1059.125,-426.75,-5273.625,886.937499999999,-1651.125,-1699.5,7645.25,925.624999999999,241.5,9484.06249999999,379.125,485.312499999999,10246.125,-1390.5,212.6875,9696.24999999999,-3386.9375,153.8125,7903.56249999999,-4543.9375,-149.25,-3229.4375,-4490.125,-170.5625,-4221.25,-4808.9375,-4344.625,-9606.81249999999,-2236,2429.4375,-2658.8125
"1",21300.125,-8781.625,-811.249999999999,-617.812499999999,16459.1875,-9733.87499999999,-796.499999999999,-808.625000000002,12821.6875,-9702.99999999999,-1632.625,-2088.6875,-8186.12499999999,-6038.5625,-185.437500000002,164.999999999996,-14639.125,-1003.75,910.687500000001,743.000000000004,-15188.8125,6563.25,128.812499999997,-110.687499999999,-5628.8125,16818.75,-2693.1875,-637.374999999995,-2896.62499999999,19810.875,-4520.3125,-1057.75
"1",-496.062499999999,-10501.8125,2722.00000000001,142.624999999998,-438.062500000002,14017.625,-2932.93749999999,-77.3750000000003,-12116.6875,-311.499999999997,-385.125,-665.5625,14315.875,-1912.4375,265.625,-11341.5625,-899.687499999996,-325.187500000002,-746.875000000002,13830.125,-845.937499999998,-66.6250000000014,-11422,-1565,-593.500000000001,-913.249999999996,14585.3125,-1140.8125,185.000000000001,-11404.6875,-2017.25,-627.374999999999
"1",1999.5625,41.1249999999997,-5093.125,5728.875,-659.25,-5748.625,5327.6875,-278.437499999999,-5958.875,3921.875,166.5625,-2348.0625,8295.31249999999,-1770.1875,-306.25,7830.87499999999,-5423.9375,-508.875,-4781.5625,2022.25,-2.6874999999999,-722.124999999999,8758.06249999999,-2099.1875,-295.875,-3763.0625,-1769.4375,-375.1875,-290.125,8990.24999999999,-4960.75,-551.125
"1",-1662.3125,-3604.4375,8490.06249999999,-1897.125,-5606.62499999999,6054.9375,-604.3125,-5277.87499999999,5108.3125,26.0625000000003,-5610.125,2252.4375,-352.437499999999,-4860.6875,-739.562499999999,-651.562499999999,4427.125,-4231.6875,-1146.6875,6236.5,-6488.99999999999,-1047.375,7848.625,-5700.875,-621.5625,8433.93749999999,-4728.3125,-3250.6875,7045.125,-1640.5625,-5941.5,6715.37499999999
"1",-1135.3125,-866.124999999998,1261.0625,-1246,336.249999999999,672.249999999999,-1100.375,909.187499999999,-1047.25,1836.6875,3098.625,-437.5625,-4261,-1814.875,1428.8125,3474.375,-321.4375,-2371.75,-1158.1875,2232.9375,3569.1875,-705.874999999999,-3483.25,-1736.6875,903.0625,2747,-770,-3495.25,-784.812499999999,2353.375,3896.0625,-772.125
"1",3870.37500000001,129.375000000002,3008.9375,904.312499999994,270.062499999996,-4567.68749999999,-3616.99999999999,-1.1249999999968,22.625000000007,-3013.74999999999,70.9375000000072,291.125000000001,-2273.62499999999,-270.374999999997,410.250000000004,-1407.06250000001,3698.9375,5531.25,-409.500000000003,1605.3125,3683.8125,68.1874999999944,1610.8125,1306.3125,124.312500000004,-1873.0625,-3027.18749999999,-84.562500000005,-1363.8125,-3947.3125,2043.6875,4345.81249999999
"1",2487.375,1336.1875,-275.0625,-245.0625,-4920,735.937499999999,2865.25,-1043.875,3185.125,48.2500000000002,-366.8125,-631.3125,-4665.6875,1648.4375,4641.9375,-449.125,3224.1875,-3072.3125,-287.0625,529.9375,-4047.125,1752.6875,4362.3125,141.75,-1416.875,-4981.9375,-699.5625,1709,-1929.0625,2751.25,1296.9375,-397
"1",-3563.375,-5696.75,10.3125,2346.1875,4891.6875,-741.250000000003,3837.12500000001,3670.9375,-5345.49999999999,620.875000000001,-6597.1875,-242.249999999998,-508.249999999999,-6591.0625,-30.9999999999994,60.6250000000002,583.874999999998,-6745.0625,1786.4375,-714.8125,4532.18749999999,7250.875,-2572.3125,323.749999999998,-4051.0625,-6747.3125,-65.8124999999973,3380.8125,5441.56249999999,-779.249999999997,5034.4375,5951.37499999999
"1",9332.31249999999,-1864.9375,594.437499999999,4260.0625,-5788.4375,817.249999999999,-3618.1875,-6562.625,-47.125,1232.8125,8901.18749999999,-175.9375,1954.9375,5542.375,-5245.9375,355.6875,-3206.625,-6374.25,-519.1875,-195.5625,7765.18749999999,-917.624999999999,1631.3125,7280.74999999999,-4652.625,135.375,-2688.125,-7368.74999999999,-1.50000000000011,1200.5,7095.375,-743.999999999999
"1",546.124999999999,-5353.4375,-2015.9375,-257.625,2772.875,7479.87499999999,-1384.9375,99.5625000000012,-2083.5625,-6073.875,524.875,-2020.3125,2616.5,127.562499999999,4447.68749999999,7187.56249999999,-4324.6875,382.812499999997,-4308.9375,-7355.12499999999,-189.625000000001,3023.9375,7763.74999999999,-896.5625,1467.875,2107.25,-7263.87499999999,252.937499999999,-6247.625,-2614.43749999999,-202.250000000001,4148.5
"1",-835.1875,447.8125,7839.06249999999,-1124.25,2179.8125,8868.31249999999,-2220.3125,2383.3125,8921.18749999999,-2469.625,2440.4375,8918.06249999999,-1981,2260.3125,8291.31249999999,-2678,1638.125,8282.56249999999,-2401.3125,2224.3125,7571.87499999999,-2415.9375,1609.875,8328.62499999999,-2275.0625,2251.875,8815.87499999999,-2446.1875,1701.625,8207.99999999999,-2415.6875,2062.5
"1",-2070,-620.1875,-1430.375,3655.8125,-1067.8125,-212.6875,2090.0625,-2140.75,-511.624999999999,-2671.9375,2995.6875,-513.124999999999,47.6249999999991,3045.75,-2521.25,-362.5,-1739.8125,3552.8125,-740.937499999999,-194.687499999999,1712.25,-2094.4375,-501.687499999999,-1847.875,3261.1875,-957.124999999999,-127.375,2168.1875,-2249.125,-487,-2255.1875,3022.1875
"1",179.4375,-2765.625,4412.25,-4238.6875,866.875,21.8750000000002,-2620.25,4612.125,-4334,354.562500000001,103.562499999999,-2722.9375,4419.875,-4368.4375,417.499999999998,651.312499999999,-2664.8125,4676.5,-4304,301.25,715.437500000001,-2530,4516.75,-4243.4375,175.375,546.187500000001,-2703.75,4389.8125,-4364.25,651.000000000001,34.8749999999995,-2624.375
"1",2842.375,-232.875,1602.5,1747,-3259.25,-3841.9375,284.124999999995,-2873.875,-470.5625,263.374999999998,4430.375,2983.875,-555.062500000004,1392.5625,901.249999999999,-3493.1875,-4018.375,79.125000000001,-2376.75,-440.0625,144.1875,4283.8125,2692.6875,-945,-165.187499999995,1089,-3486.62499999999,-3710.375,-148.937499999999,2087.9375,2137.375,229.562499999999
"1",-10.4375000000001,-3987.5625,-7688.8125,1613.6875,-195.812500000002,6291.8125,-726.562500000004,470.625000000002,-4190.0625,-437.124999999999,5054.3125,150.187500000002,-4560.9375,-7330.125,1811.375,-247.437499999997,6062.43749999999,-882.624999999997,393.625000000003,-3816.0625,-145.374999999999,5016.12499999999,191.25,-4185.1875,-7101.5625,2316.375,-154.187500000003,5644.4375,-6048.87499999999,862.250000000002,-298.125000000005,5887.24999999999
"1",3077,-561.9375,-3921.9375,609.937499999996,-603.999999999998,-4031.5625,-2667.8125,-175.749999999998,-4887.6875,-4548.1875,101.6875,1885.5625,-4448.625,663.499999999998,6840,-3754.5,317.75,6933.5,-3176.25,298.187500000001,8965.68749999999,-1569.75,-4111.1875,5017.75,-787.374999999999,-4794.5625,666.999999999999,-415.999999999999,-4457.4375,-2787.625,79.0000000000002,255.4375
"1",-168.687500000002,1680.375,3639.9375,-928.187500000003,-264.375000000001,-2613.3125,1423.125,-785.624999999999,-316.874999999998,-1916.125,-2677.125,-303.124999999998,2378.125,2617.5625,-1401.75,-125.5625,388.874999999998,3186.625,-1065.75,-385.124999999999,-1898.75,-529.9375,-752.999999999999,1328.6875,265.312499999999,-3045.1875,-530.437499999997,2171.5625,3118,-1507.1875,273.625000000002,-1715.125
"1",-745.5,-1361.6875,-85.5625000000001,-866.562499999999,2510.3125,-6380.625,-437.0625,5990.25,-5198.0625,243.500000000001,9796.12499999999,-2070.6875,-1745.125,3443.5625,-583.499999999999,-1391.5625,-3564.3125,-729.437499999999,4559.1875,-6908.75,-352.8125,6354.375,-4146.25,-236.5,9524.99999999999,-1750.4375,-1644.1875,3261.0625,-641.374999999999,-1596.125,-3898,-681.749999999999
"1",1612,62.4375000000008,-2537.875,-3266.6875,131.9375,-329.75,5625.5,965.124999999999,380.687499999999,-4111.1875,-2036.0625,418,-465.0625,5748.8125,148.687499999999,234.999999999999,-3984.3125,-1998,765.562499999999,-225.375,5621.81249999999,-762.812499999999,249.125,-4027.5,-1317.5625,714.75,-493.0625,5961.4375,147.187499999999,142.9375,-3664,-3274.125
"1",-1178.625,1335.3125,-1599.3125,227.375,-420.937500000001,2408.875,-1712.375,1560.375,-99.7500000000021,818.5,-451.125,1985.125,-232.374999999998,-1860.5,222.562499999998,2343.8125,387.5,-38.1249999999999,1999.4375,-4141.8125,-1260.0625,177.8125,2386.75,-2256.1875,491.375000000001,-818.499999999998,1603.125,-1046.25,2643.1875,-253.8125,282.749999999998,-534.687499999999
"1",-3789.4375,2402.3125,-1074.1875,-212.999999999999,-3811.625,-481.374999999999,8107.81249999999,-6732.875,-4029.8125,5978.0625,-2222.3125,-3945.0625,3758.1875,-1407.875,-3661.375,-385.437499999999,-809.0625,2319.5,-4782.3125,-308.249999999999,7563.56249999999,-6524.8125,-268.812499999999,8621.37499999999,-6253.25,-4364.125,4943.875,-1674.75,-3628.5625,2855.1875,-1191.6875,-2618.5625
"1",-90.5625000000019,2876,406.6875,867.749999999999,-222.624999999999,-2490.75,303,300.687500000001,3841.25,-39.1249999999994,-1494.9375,-1299.875,-1533.125,1623.3125,-1183.5625,-60.8749999999983,-1013.5,-1131.3125,1635.5625,944,2755.93749999999,143.749999999998,-2760.375,-1446.6875,-1672.9375,2561.1875,-725.6875,-1104.4375,-3054.875,-2692.9375,725.312499999999,-615.3125
"1",6726.37499999999,-471.5625,3982.5625,-1594.0625,-6832.9375,-1511.1875,-5543.5625,773.249999999999,-3182.125,4525.625,-44.625,5891.5625,-520.4375,3100.875,-1673,-7022.0625,-1121.9375,-5342.25,1745.3125,-764.562499999999,7166.1875,163,5076,-1047.8125,802.6875,-1734.1875,-6009.75,-175.25,-5162.5625,2861.3125,379.1875,7514.43749999999
"1",-75.4999999999995,-727.0625,9852.93749999999,-5873.625,-276.4375,15130.4375,-1429.625,-8126.81249999999,-3151.25,-478.5625,11803.875,-3346.875,-2422.0625,8700.93749999999,-507.5,-7058.81249999999,-3197.875,-286.499999999999,14502.375,-4524.1875,-7900.43749999999,5080.5625,-1149.6875,-7183.62499999999,-5669.0625,-725.749999999999,15827.125,-3037.5625,-9203.18749999999,-387,-794.124999999998,5633.125
"1",-166.312500000002,-476.125,-216.75,5419.93749999999,-298.625,840.125,-573.375000000001,-3535.375,3799.625,-1903.6875,-3971.625,1292.0625,-610.25,4813.4375,-2976.25,-3658.375,3529.6875,-1513.875,-4370.75,817.562499999998,-486.5,6082.49999999999,-2735.75,-4493.75,2135.6875,-588.437499999999,5099.0625,-1638.4375,-2490.75,5014.125,-1865.1875,-4468.8125
"1",-664.9375,269,-82.1874999999999,844.8125,43.4375,616.875,464.9375,-5190.8125,140.3125,-20.125,112.8125,-538.5,6162.4375,-316.4375,351.375,334.8125,-6530.375,-250.5625,-284.9375,101.9375,-723.624999999999,6750.74999999999,-452.75,408.75,299.4375,-5018.0625,-171,94.1874999999999,61.8125,-631.875,5563.0625,-474.75
"1",-1798.8125,-286.375,13.2499999999999,6262.49999999999,-3112.8125,-357.25,-3401.5625,1554.6875,8.81249999999998,123.687499999999,5649.3125,-4010.875,-296.3125,-3784.0625,-293.125000000001,-132.4375,-3351.3125,3864.0625,-327.3125,137.9375,5061.375,-4292.6875,-328.75,-3213.9375,4116.375,-360.25,161.749999999999,-4538.75,-1526.5,-304.625,75.7500000000001,5857.5625
"1",-78.4999999999987,-74.0624999999973,-2557.125,-241.562500000002,334.687499999997,-1423.5,659.812499999996,374.5,-1510.3125,382.499999999999,116.937500000002,-1976.1875,-312.812499999999,-110.000000000001,-2074.75,356.687499999998,-19.7499999999982,-446.562500000001,2548.625,-96.4375000000022,-24.5624999999999,-1953.5,-146.125,119.250000000001,-1434.5625,-334.500000000001,-82.8749999999999,-2134.75,-564.25,-164.250000000002,-2196,-515.1875
"1",5344.125,582.812499999999,-692.249999999999,-4399.49999999999,292.8125,-1061.4375,-19522.4375,-449.0625,-870.937499999999,-18695.1875,-630.875,-435.499999999999,-14158.125,-360.375,-486.062499999999,-12086,-185.9375,-599.624999999999,-11616.4375,-358.437499999999,-721.375,-10209.3125,-287.1875,-487.625,-8353.0625,1046.8125,-322.1875,-5389.8125,4312.875,186.75,1441.875,11577.5
"1",1185.875,-526.375,779.1875,-1306.75,-412.0625,605.1875,192.375,1121.8125,-612.4375,-225.6875,1478.0625,-1319.5,-168,1383.4375,-476.375,747.562499999998,-1491.75,-1241.5,660.187499999999,-492.8125,-655.749999999999,599.3125,-446.249999999999,1123.75,-1124.4375,541.6875,911.999999999998,-655.5,819.187499999999,-1170.6875,-1442.4375,934.437499999999
"1",260.937500000001,-5487.25,-1371.8125,23.9375000000001,-4521.5,-172.25,-331.6875,-3804.6875,863.312499999999,-205.562499999999,-4167,1067.75,-4.24999999999997,-3954.875,1685.5625,63.6874999999984,-3329.3125,2214.875,9.49999999999865,-2159.125,2207.25,-3.56249999999966,-1048.5,2624.5,-112.312499999999,-722.4375,3065.1875,-2077.375,2165.5,56.8125000000018,217.25,-904.812499999999
"1",-1177.8125,5375.62499999999,-3117.1875,-684.999999999998,-401.249999999999,-130.25,7511.93749999999,-5710.8125,-1398.1875,392.8125,237.25,-6140.37499999999,5639.5625,-453.750000000001,-909.124999999998,-268.062499999999,-607.5625,6627.68749999999,-5018.6875,-95.0000000000005,320.312499999999,-230.875,-5503.9375,5736.12499999999,-5082.56249999999,-414.9375,-75.0624999999988,-697.749999999998,-6332.0625,4182.0625,-476.25,74.2500000000002
"1",-1139.9375,-868.999999999999,9649.43749999999,-1260.6875,-1223.125,-9684.56249999999,-99.5624999999992,-1454.6875,-8274.06249999999,512.624999999999,-1210.9375,-8429.12499999999,1544.8125,-799.249999999999,-1379.1875,10856.9375,-1136.75,-1019,11194.8125,-1336.4375,-896.25,8738.62499999999,-597.6875,-814.437499999999,-7430.62499999999,-300.375,-1179.0625,-9190.93749999999,808.937499999999,-714.124999999999,-7727.87499999999,2733.0625
"1",-3341.6875,-520.9375,10093.8125,-1028.5,-5784.1875,-762.375,-603.499999999999,8425.49999999999,-2832.125,-4325.6875,5167.75,-92.0624999999999,-41.0625,22.1874999999998,9243.81249999999,-2652.125,5020.1875,2533.25,277,-5533.5,-2223.375,-461.125,10048.6875,-2192.125,-6727.4375,1736.0625,-436.875,1405.6875,-3452.625,-150.6875,9061.62499999999,-692.6875
"1",100.625,86.5624999999992,-60.4375,1111.75,-406.750000000001,-130.187500000001,-562.5625,6629.25,-4226.375,-170.5625,80.062499999999,-3412.375,4389.0625,-2955.5625,-180.562499999998,63.125,-4706.875,3529.6875,-909.249999999998,-238.125,-372.0625,5537.8125,-3635.5625,-412.0625,-146.625,-1011.4375,5602.8125,-4887.0625,-10.3124999999996,5.37500000000056,-816.75,2079.4375
"1",-7941.74999999999,-2269.125,-8956.74999999999,-2345.0625,-4367.6875,9306.68749999999,-1075.875,12941,-1345.9375,10284.1875,-3904.875,-2077.1875,10715.5,-8422.81249999999,3428.25,-7815.31249999999,4270.0625,-186.375,-9125.12499999999,134.062499999999,-722.937499999999,-2448.6875,10643.3125,-6004.1875,6025.1875,-9360.87499999999,-1465.4375,-639.5,10340.1875,-4238.5625,-8453.68749999999,-1468
"1",-4108.5625,11047.8125,-3661.6875,11290.5625,-3843.375,-8436.74999999999,-852.249999999999,-9412.43749999999,625.6875,-321.875,11659.5,-1970.9375,-93.5624999999989,11505.9375,-2027.0625,11534.625,-3563.125,12385.375,-3036.375,-7286.37499999999,274.25,-7847.5,-831.749999999999,7060.93749999999,-4556.8125,12184.6875,-7748.9375,5452.8125,-8910.24999999999,3054.25,-7730.37499999999,-3185.75
"1",-722.5625,-11140.9375,2619.75,425.5,-40.4999999999987,15626.625,-2949.75,-134.0625,12469.4375,-5097.25,-38.375,-6192.5,-2843.9375,-453.562499999999,-11373.75,2477.5625,645.125,-1385.6875,14111.1875,-1785,-343.1875,14095.25,-4270.8125,40.9999999999989,12867.625,-5170,-652.624999999999,-9877.37499999999,-2042.8125,-582.625,-11355.9375,2494.1875
"1",-848.499999999999,-5855.75,810.499999999999,490.124999999999,-400.374999999998,7236.8125,-2753.8125,-482.375,-6083.875,2585.0625,-177.562499999999,-121.187499999998,-5179.1875,-478.562499999999,604.5625,-236.3125,6917.4375,-2873.3125,-297,-2467,5190.8125,-738.125,-60.1249999999997,-5885.875,760.874999999999,359.75,210.375,2308.1875,-1561.375,-475.4375,-601.75,6950.5
"1",-1560.5,637.000000000002,26.8125000000019,221.687499999997,-1967.0625,216.500000000002,-34.4374999999984,79.750000000001,2080.5625,-1611.4375,-201.1875,-625.625,3158.0625,-1830.0625,-25.375,97.5625000000011,4161.3125,-1067.8125,221.625000000001,-1698.3125,690.124999999998,-149.250000000002,-3.37500000000041,2611.9375,-1770.5,-185.749999999999,-61.9375000000003,3707.625,-1269.25,118.125,-1871.125,1826.6875
"1",-651.1875,-1192.625,6326.87499999999,-738.812499999999,-133.625,4859.1875,-4980.3125,-516.374999999999,-3065.6875,3099.125,-421.687499999999,33.4374999999996,6166.8125,-5200,-395.249999999999,-2281.9375,1115.3125,-511.062499999999,-607.5,7183.56249999999,-2682.1875,115.3125,-2463.8125,-1583.625,-698.124999999999,-549.624999999999,8011.31249999999,-2750.9375,93.6250000000003,-3615.8125,-2232.875,-633.812499999999
"1",-4875.75,-222.75,-4214.125,-2703.875,-724.375,585.999999999999,11665.875,-1004,92.4999999999999,-6155.5625,-3985.75,-765.312499999999,-176.875,8934.56249999999,-4983,-411.125,-4000.75,3022.4375,-577.375,-179.875,8458.68749999999,-5770.25,-468.4375,-4903.3125,3723,-568.4375,-39.5625,5473.6875,-6158.31249999999,-530.5625,-3682.6875,1443.4375
"1",-5431.3125,-9423.24999999999,11938.375,575.062499999999,-9783.68749999999,-7404.37499999999,-806.937499999999,19027,-6516.56249999999,-7305.56249999999,14721.0625,-164.9375,-12427.6875,-6025.75,-520.5,14336.3125,-8196.1875,-4297.4375,19738.8125,-621.375,-14618.375,-1903.375,-181.25,6165.6875,-9214.37499999999,-1963.5,22274.25,-2498.75,-12697.6875,3197.375,14.25,-2292.75
"1",-90.1250000000001,1832.125,-1578.3125,-277.3125,-3.68749999999991,-698.124999999999,-201.375,-1815.375,132.3125,-269.75,-1077.4375,1377.0625,-365.9375,-1180.5625,1631,-722.125,45.5000000000001,1588.75,-1445.9375,28.125,-2235.25,474.6875,-210.125,-1332.0625,1339.0625,-455.6875,233.1875,2226.1875,-1483.8125,-150.1875,569.0625,-760.562499999999
"1",-9416.74999999999,2037.125,-620.3125,-9553.37499999999,2484.875,-683.562499999999,-8779.06249999999,3817.625,-731.5625,-6250.25,5931.4375,-794.8125,-5284.375,8317.06249999999,-1523.9375,-1601.5,12065.6875,-2188.3125,-1027.25,12034.5625,-2122.4375,-598.6875,11209.5625,-2819.6875,-694,10743.6875,-3436.3125,-573.0625,11582,-3991.4375,-257.625,11496.4375
"1",179,-132.25,-72.9375000000001,128.8125,-348.9375,148.25,-112.625,96.75,353.5625,22.8750000000001,398.875,82.5000000000003,-107.75,-73.0624999999999,38.3125000000006,-4.24999999999989,94.0625,-157.9375,36.6249999999999,299.625,-402,53.0625,82.7499999999996,-168.375,-42.1875,53.0625000000003,38.1875000000001,86.1250000000001,-125.875,99,291,349.1875
"1",-3378.875,-636.875,407.4375,6978.93749999999,-1747.3125,69.7500000000001,-2252.75,-2938.1875,-359.9375,202.4375,6312.25,-4039.375,-199.9375,-2394.25,4472.1875,-464.9375,168.4375,1021.75,-3967.8125,-648.4375,-2007.25,3872.8125,-358.5625,47.375,4305.3125,-5100.25,-439.0625,-1972.875,2683.875,-307.0625,280.875,3531
"1",-852.374999999999,-1845.125,19573.1875,-2154.1875,299.187499999999,19120.8125,-3480,-13620,1272.0625,-389.9375,14337.375,-9324.99999999999,-6332.5,16992.5625,-1205.75,-230.562499999999,420.75,6655.625,-8105.18749999999,-14658.75,724.125,-1164.5625,20739.4375,-1543.125,14784.6875,-8982.49999999999,-526.125,147.8125,-619.875,9304.68749999999,-1630.9375,-495.375
"1",-8382.87499999999,-1902.3125,74.9999999999997,-8679.06249999999,-1355.3125,-954.5625,10184.125,667.062499999999,-6156,1626.3125,819.999999999999,-8401.87499999999,-2178.8125,-124.3125,4384.1875,-812.0625,-630.375,9850.93749999999,981.749999999999,-6481.6875,915.375,848.875,-8312.74999999999,-2370.0625,43.5625000000005,-9389.74999999999,-1819.75,-653.375,8739.5,-327.4375,-654.0625,10011.375
"1",21.6875,2611,-1581.8125,-721.562499999999,1749.625,-2396,-3411.6875,554.437499999999,-538.75,4467.1875,-2894.4375,-853.8125,5308.875,-2680.875,-3826.5,2995.125,-547.3125,-3554.75,3016.25,-885,3.12500000000009,510.8125,-1436.1875,-919.624999999999,-188.625,4285.625,-2429.5,-626.3125,4910.1875,-3079,-3149.8125,3888.0625
"1",-6871.49999999999,-77.3750000000013,-567.687500000001,-3006.4375,-414.062500000001,-11626.1875,5377.75,401.6875,-6120.37499999999,14279.9375,-3298.875,334.937499999996,19100.625,-10426.375,-512.874999999999,4606.125,-3951.875,-148.562500000002,-8968.06249999999,-1147.0625,-256,-894.562499999999,17416.625,-6791.4375,-728.3125,13483.125,-6762.18749999999,-595.937500000004,-13406.9375,6278.5,208.874999999999,-1525.75
"1",-16433.1875,8557.81249999999,-2274.875,-491.875,20734.25,-12233.1875,-1527.625,-15212.0625,7741.43749999999,206.4375,-246.125,17917.25,-7038.3125,-690.0625,-9586.81249999999,15223.75,-6695.6875,-925.062499999999,20456.5,-11098.9375,-1481.1875,-12980.25,12550.875,-6265.9375,-804.5,-3427.0625,-1436.6875,-101.1875,146.0625,23330.625,-10308.375,-1230
"1",-216.000000000001,4248.5,-185.5625,-305.375,-2045,218.9375,428.5625,-76.3125000000001,2604.5625,-2152.4375,-416.1875,-1794.5,552.499999999999,421,-186.5,2854.875,-1894.3125,-565.4375,-2043.1875,1395.3125,670.5,-4.25000000000001,-3310.125,-2404.8125,-238.6875,-10.375,3973.75,-1321.375,-406.5,1008.5,5982.25,868.374999999999
"1",-2807.125,6019.625,-227.0625,7963.18749999999,-2922.1875,-6627.93749999999,1423,263.374999999999,9048.68749999999,-1816.8125,-1002.0625,-2576.3125,-5297.8125,2275.625,-477.4375,7678.81249999999,-2779.625,-6710.99999999999,-186.687499999999,-198.312500000001,9167.37499999999,-1370.3125,3347,-3157.625,-6628.68749999999,1016.25,97.7500000000002,8128.99999999999,-1997.0625,-897.749999999999,-3165.4375,-6893.375
"1",-1959.625,-423.124999999999,-525.375,659.75,2711.4375,-1034.625,481.875,210.25,-388.125,-1410.1875,-451.3125,-319.3125,-462.062499999999,2481.6875,-901.249999999999,334.375,3873.1875,3667.4375,-2207.875,-124.1875,-242.4375,-4559.8125,2162.375,-921.562499999999,-1862.5,-2703.25,-48.9999999999999,-66.4375,1137.875,1542.875,-2151.5,255.125
"1",-2793,-2052.8125,-422.062499999999,-284.625,4703,-454.75,3938.9375,-1932.75,-1552.4375,-2348.3125,-2351.1875,424.249999999999,-247.624999999999,4615.9375,-488.374999999999,4362.0625,-2040.625,-2106.125,-3328.375,-1943.4375,-1180.4375,-1761.3125,2807.8125,-882.937499999999,4236.125,-1008.75,3134.625,-2222.0625,-1019.125,-1903.6875,-2274.25,631.062499999999
"1",-3572.75,-237,-232.25,-72.6874999999997,306.999999999999,6523,-686.812499999999,-147.5625,253.3125,4612.125,-3159.3125,-415.375,145,2127.875,-3228.0625,-516.4375,-165.0625,-2796.5,774.812499999999,33.875,-8.12500000000011,-3060.125,2688.1875,40.1249999999999,-156.875,361.4375,6422.125,-790.124999999999,-262.6875,412.875000000001,4766.8125,-2675.75
"1",1268,-1075.125,-7729.43749999999,4944.8125,-763.874999999999,-204.375,17173.8125,-2994.0625,-278.0625,15491.375,-5135.1875,-1156.9375,11986.1875,-7174.75,-1406.5,-3749.4375,-5022.0625,-1158.4375,-10428.6875,516.125,-1094.5,-8202.8125,5191.0625,-1067.875,-839.3125,15358.25,-2128,-464.1875,14238.9375,-3758.0625,-1142.1875,10713.5625
"1",-3795.5625,3131.0625,13914.25,-464,-12273.75,-1246.25,746.062499999999,7000.81249999999,-2901.125,-1445.1875,6446.625,481.6875,-10462.125,-3117.3125,3113.5,13450.25,-1130.5625,-7865.62499999999,1412.0625,414.625,-526.875,-4579.625,2002.625,11941.3125,-180.375,-12322.3125,-2321.125,1146.9375,8373.24999999999,-2825.9375,-3775.0625,5649.0625
"1",-11277.625,-346.3125,-11671.75,11687.8125,-4005.625,-151.125,495.874999999999,-4085.375,-667.999999999999,-3778.3125,17584.4375,-6150.4375,-22.7500000000001,-13504.4375,1476.8125,-425.4375,-175.25,20932.9375,-10972.25,-511.5625,-14235.875,7150.0625,-1346.25,13.625,-15963.3125,3281.3125,-726.874999999999,147.875,21207.0625,-11078,-303.125,-13935.5
"1",-2219.6875,-2734.0625,2409.8125,-49.7500000000003,1929.1875,-4140.875,-87.9374999999999,6233.5,-1845.4375,-2499.0625,2580.75,-232.6875,696.6875,-4351.75,-317.8125,5322.9375,-2794.875,-2332.5625,3123.375,178.6875,-1402.75,-3216.375,-156.6875,4896.0625,-3251.4375,-2422.75,3209.5625,112.125,-1210.4375,-3916.875,-560.312499999999,5489.75
"1",-4266.125,21542.5,-741.5625,22428.625,-5839.5625,1529.9375,-7800.87499999999,-16720.6875,-4138.6875,-16192.0625,6910.68749999999,-1525.375,24457.3125,-2518.8125,19200.5625,-6522.125,355.4375,-8006.87499999999,-17758.75,-2831.9375,-14794.75,9463.93749999999,-622.75,24465.125,-2458.3125,20372.25,-6020.93749999999,-2016.1875,-7844.0625,-18286.125,-605.937499999999,-9561.12499999999
"1",256.812499999999,-6210.5,-1303.4375,-517.437499999999,4289.75,-3787.375,-1348.125,9780.24999999999,-3505,295.750000000001,11563.4375,-604.562500000001,-7038.12499999999,1933.0625,141.312499999999,-6676.8125,-3490.5,-1234.375,9504.31249999999,-2729.125,-3788.875,5549.5625,409.4375,-6552.68749999999,166,-226.625,2819.875,-4421.375,-1097.875,10463.75,-2308.25,-6298.56249999999
"1",1482.25,111.312499999998,-3983.5,884.25,-124.000000000001,-4497.375,414.624999999998,-278.0625,-4649.125,513.937500000002,-211.250000000001,-5026.625,628.25,-486.937499999999,-5306.625,206.8125,-489.437499999999,-5014.375,-16.8125,-476,-5494.24999999999,-123.3125,-422.624999999999,-5322.0625,114.124999999999,-492.0625,-4604.75,402.937499999999,-533,-4101,1120.25,-164.624999999999
"1",816.874999999999,-4682.68749999999,-1265.6875,-505.499999999998,209.375000000001,-515.375000000006,-694.499999999997,3913.4375,361.8125,1510.74999999999,5446.8125,1537.125,-3100,-540.625000000003,1281.75,-5461.8125,-1124.3125,-681.124999999994,592.875000000003,-534.937500000001,-113.437499999999,4354.375,580.437499999995,62.8749999999984,3147,1193.25,-3378.4375,-1236.75,-358.5,-8705.5,-1268.1875,-610.250000000001
"1",-743.874999999999,701.1875,4978.5,308.0625,-294.375,444.625,-5034.3125,-939.937499999999,380.124999999999,4248.75,89.8749999999998,-290.625,2288.9375,-3801.8125,-741.5,-173.8125,-1248.75,-438.062499999999,2841.3125,7598.24999999999,-740.812499999999,-486.625,1786.0625,-5042.1875,-878.624999999999,405.4375,1277.9375,-40.6875000000001,2674.9375,7588.24999999999,-1059,-464.937499999999
"1",887.249999999998,-1006.25,853.750000000001,6223.75,-2442.8125,77.7499999999986,-5717.8125,4101.93749999999,-647.999999999996,531.062499999998,2536,-2153.1875,-222.062500000001,-708,7992.37499999999,-2886.375,97.5000000000026,-1104.625,-500.187500000001,-444.312500000002,-1048.5625,5813.62499999999,-3076.5,-793.562499999999,-3769.875,309.875,-619.874999999996,625.687500000002,6898.6875,-5031.3125,472.312500000001,-4032.5625
"1",-1265.4375,-582.875,-7393.49999999999,2046.125,-346.8125,3438.1875,2782.5625,-1005,-748.812499999999,-3174.9375,-1042.8125,-303.375,-4362.625,2848,-432.375,3948.5625,2949.625,-1289.875,-842.75,-3910.625,-234.1875,-314.9375,1708.8125,3099.5625,-545.937499999999,4754.125,3028.25,-1555.8125,-966.062499999999,-5337.6875,866.437499999999,-281.0625
"1",-2879,15790.625,-2092.125,-17979,-11884.3125,-29140.6875,-17844.9375,-784.562499999999,-15018.4375,2401.4375,50.8125000000005,30224.4375,-14534.25,36828.625,-10873.3125,27833.625,-13164.25,-14779.3125,-2654.6875,-11340.1875,3639.625,464.187499999999,45575.6875,-8676.56249999999,45534.25,-5880.6875,41154.6875,-9332.49999999999,-15151.5,-2020,-384.625,-3299.3125
"1",2870.5,-776.312499999999,-292.9375,-121.6875,2641.4375,-691.437499999999,-46.6875,199.875,2847.1875,-474.25,-40.5000000000001,54.0625000000003,1807.75,201.625,-209.3125,134.25,1144.75,103.625,-87.8749999999998,-92.9374999999996,1491.125,-102.125,-43.1249999999999,378.8125,1007.9375,134,-363.875,-1126.4375,-249.3125,32.9374999999998,-355.25,-955.562499999999
"1",-88.0624999999975,3350.125,-2342.4375,-267.1875,2183.5,-1067.875,-679.062499999999,459.9375,-312.250000000001,-107.0625,-470.124999999999,94.0000000000032,1425.5625,-877.562499999999,-457.124999999998,3103.25,-2340.125,138.812499999996,1002.4375,-494.625,252.1875,-782.812499999998,536.625,-903.812500000001,-1868.8125,262.749999999998,-830,-2208.125,-68.8749999999999,923.687499999998,-1040.9375,-343
"1",-1091.4375,-3096.5625,-1446.3125,-204.75,5067.125,-1675.4375,-2758.6875,3141.75,-3720.8125,1280.6875,-542.374999999999,4978.8125,-1580.5625,-3814.5625,1500.375,-54.8125000000004,958.999999999999,-1655,-478,-4467.875,-855.437499999999,-3200.25,3020.1875,227.5625,-3175.875,-1593.875,182.25,-2664.0625,-1686.1875,-4930.8125,-1105.0625,-360.5625
"1",-983.749999999999,5196.4375,-453.124999999999,-4216.8125,-1287.25,-1068.9375,4240.0625,-292,-4179.8125,-568,-111.25,1615.875,-1969.875,-96.8749999999998,6233.9375,-500.0625,4451,-1687.1875,-864.4375,5618.6875,-306.9375,-642.187499999999,-2029.8125,224.8125,6227.1875,-405.3125,4010.8125,-1575.8125,-1083.4375,-2115.25,-3624.75,2307.1875
"1",209.3125,7803.12499999999,-2392.4375,-84.2499999999974,-119.999999999998,7623.5,-958.875,194.999999999999,-4955.68749999999,-494.187500000001,-395.0625,155.749999999999,8227.81249999999,-3011.375,-58.3750000000005,-3125.24999999999,4716.25,-1038.875,202.999999999999,-4632.9375,-1091.5625,-580.437500000001,75.8750000000015,7999.31249999999,-1750.3125,51.1250000000004,-4788.875,-1391.8125,-380.125,-1250.75,6920.18749999999,-1224.75
"1",633.3125,-2603.1875,1234.9375,-667.4375,-350.1875,-2737.9375,2906.75,-513.5,5.625,-726.625,2159.1875,-1363.1875,-92.7499999999999,821.1875,1371.5625,-1218.25,-214.125,2429,-1189,-192.8125,-627.75,2073.75,-1408.1875,199.25,-594.5,2197,-948.374999999999,-728.125,-3005.625,2642.25,-779,-255.8125
"1",-5042.6875,3065.5625,-693.999999999999,1047,4103.375,-1378.9375,-224.25,-1593.375,-3305.5,-423.5,-7072.43749999999,3431.25,-601.062499999999,997.437499999999,4514.0625,-1344.6875,-307.749999999999,-2047.375,-3230.1875,-349.5625,-5204.5,4320,-744.687499999999,1557,2802.5625,-2511.25,-328.25,-2268.375,-1064.75,-581.624999999999,741.437499999999,5197.6875
"1",5148.9375,-963.1875,-9448.12499999999,1575.75,-96.5000000000001,14494.8125,-1304.625,29.1875,11961.625,-3045.9375,-11285.125,-2478.25,-7465.93749999999,-3360.875,9562.43749999999,-3879.5625,12775.4375,-3435.8125,-619.624999999999,1436.875,14432.8125,-5175.9375,10149.5625,-844.5,960.249999999999,178.625,-9105.37499999999,3231,-9462.62499999999,-1113.75,-77.3125,12731.75
"1",-878.624999999999,82.375,-4207.6875,-359.124999999999,309.5625,-101.25,-353.75,6772.31249999999,-2315,-979.312499999999,-170.25,-3554.5,1196.1875,132.875,-306.875,-388.062499999999,6185.5,-2464.9375,-960.687499999999,34.2499999999996,-3459.4375,844.437499999999,344.75,-218.0625,-279.9375,6289.375,-2197.25,-857.687499999999,41.9999999999999,-5308.25,-678.4375,10.4375
"1",7019.12499999999,-1802.9375,-576.437499999999,7444.87499999999,-1627.25,-517.6875,8411.74999999999,-1486.9375,-463.625,9076.18749999999,-1541.5,-253,8386.24999999999,-2404.6875,-66.1250000000003,7025.49999999999,-1972.8125,-193.625,6913.93749999999,-1822.25,-314,7083.5625,-1992.4375,-372,7802.87499999999,-2176.5,-197.25,7977.93749999999,-2749.375,-176.5625,7301.8125,-2499.5
"1",-7016.0625,122.8125,-183.375,-25.375,-6729.49999999999,-3179.75,-497.375,217.625,-10269,-6347.9375,-465.0625,1203.5625,13060.375,-1861.4375,227.5625,7633.24999999999,-6207.6875,-296.8125,-6817.43749999999,-3362.4375,-444,688.5625,15401.25,-2480.0625,-211.0625,-7015.125,2215.9375,-133.6875,819.8125,12604.75,-2033.3125,136.8125
"1",-923.374999999999,6595.625,-2793.8125,-631.312499999999,48.6250000000003,-2.93749999999971,-299,-4289,5503,-1655.625,28.1250000000001,157.187499999999,262.562499999999,-1672.5625,6458.6875,-3966.625,-1060.3125,19.1875000000001,121.8125,151.5,4804.875,4033.375,-835.8125,19.2500000000001,196.4375,-218.25,-6010.5,4208.5,-2435,-354.124999999999,317.812499999999,205.187499999999
"1",-564.937499999999,214.375,-3294.5,8740.43749999999,-606.6875,-33.9375000000005,12061.8125,-2795.4375,-250.3125,-9619.31249999999,-803.249999999999,199.75,-9679.87499999999,1954.875,221.5625,107.125,11918.6875,-2595.0625,-75.625,-6809.87499999999,-1569.25,-157.5625,-10442.875,105.9375,570.499999999999,-1487,10260.125,-596.562499999999,197.0625,11908,-2733.75,-444.812499999999
"1",-523.8125,488.124999999999,2134.9375,-207.8125,755.5625,-245.25,-210.437500000001,-1512.25,-1515.8125,-261.9375,654.4375,-867.625,955.999999999999,2831.6875,-250.25,456.499999999998,792.374999999999,-130.500000000001,-1542.8125,-1449.25,-325.624999999999,696.125,-1074.5,1087.625,2641.0625,-158.4375,863.874999999999,-285.1875,-442.9375,408.9375,-1277.5,644.8125
"1",-322.1875,-9135.93749999999,553.125,549.75,-359.9375,-6956.3125,-1307.875,538.9375,-73.6874999999999,13591,-7317.56249999999,-382.6875,-303,14307.75,-7335.125,-699.249999999999,-6299,11776.4375,-4128.75,-733.499999999999,-11746.75,5996.125,696.249999999999,248.625,1321.125,-2630.0625,592.9375,147.25,13094.8125,-7151.74999999999,-780.624999999999,-5471.625
"1",-964.5625,839.374999999999,-3550.0625,1567.125,-2251.4375,486.874999999999,-652.0625,-2669.8125,-18,-471.5625,-498.249999999999,3319.4375,-1018.1875,-1362.9375,94.8125000000001,-702.125,-91.6875000000002,-1727.5,-292.25,-853.562499999999,50.8124999999996,-2940.3125,-1327.1875,1131.5625,5622.62499999999,-1012.1875,142.124999999999,-1687.375,277.9375,-820.437499999999,-4226.5625,-960.062499999999
"1",-1230.4375,151.0625,6532.5,968.937499999999,-2343.875,1732.5,377.625,-4394.4375,-3652.125,138.875,-60.6249999999998,-1172.0625,-8.00000000000002,6366.1875,711.5625,746.437499999999,1994.25,-58.6249999999998,-4185.625,-3625.9375,365.3125,4111.5625,68.3749999999996,129.624999999999,6056.75,668.8125,-4315.75,-2054.4375,-175.5625,-4156.9375,-2375.375,9.25000000000028
"1",-9305.37499999999,5771.8125,-2573.0625,4280.5625,-6291.9375,-341.8125,-187.9375,390,-5087.4375,2891.1875,-511.312499999999,4846.375,-6113,-578.1875,563,-7712.5625,4746.125,-536.25,5059.1875,-5234.9375,-563.6875,-9.31250000000001,332.8125,3274.4375,849.499999999999,-1332.5625,5284.8125,-3753.9375,-287.625,401.125,-7878.87499999999,5208.56249999999
"1",-7728.49999999999,-596.75,403.062499999999,11639.25,-11034.375,-807.999999999999,562.375,6124.75,-10930.6875,-889.812499999999,464.187499999999,-5885.1875,-4358.9375,-828.124999999999,104.8125,-3926.0625,822.9375,-721.0625,-211,-5116.1875,10399.9375,-1404.9375,-231.25,212,14321.875,-6725,-503.5625,524.875,10312.625,-11906.4375,-927.4375,183.375
"1",-2363.6875,-114.1875,-5562.8125,1957.12500000001,-718.999999999999,318.374999999999,-8802.12499999999,-734.5,-690.124999999999,357.874999999999,-7599.625,-947.624999999997,-191.250000000001,1243.375,-7754.31249999999,2.87500000000305,-350.562499999996,189.999999999997,-675.937500000001,-1940.81249999999,-783.6875,-81.125000000001,8253.25,-4354.5625,-772.499999999996,-302.999999999998,9204.62499999999,-4495.625,-640.500000000001,18.0000000000029,7905.99999999999,-2942
"1",-3711.1875,-52.3750000000002,-3070.3125,4281.4375,213.6875,-128.8125,8571.06249999999,-9146.49999999999,164.999999999999,-3536.3125,6772.0625,-2353.875,112.0625,6261.0625,-3027.25,270.9375,-3490.1875,7003.49999999999,-5850.75,-570.249999999999,3908.8125,-2185.5625,-199.5625,-2837.25,6259.5625,-7653.74999999999,-320.0625,-3241.8125,4454.9375,-173.0625,-693.562499999999,7955.56249999999
"1",1905.875,3897.75,2619.875,-640.499999999999,-2512.625,4370.625,-463.999999999999,-1067.625,3620.4375,3288.875,1167.1875,-664.562499999999,-4960.625,4489,-445.937499999999,-7924.74999999999,1420.625,-246.5,-2311.3125,5063.125,-848.999999999999,-4237.375,4495,-438.4375,-7983.24999999999,2179.75,87.875,3758.0625,-2135.75,-609.0625,3763.125,-1819.3125
"1",1642.6875,-907.999999999999,72.5624999999998,-7741.06249999999,4520.9375,2796.5,-4926.5,-216.1875,4885.75,-1860,-877.187499999999,-8722.87499999999,2896.25,-7065.8125,4465.125,3322.6875,2975.25,-395.4375,-3113.875,5369.375,-425.375,-7771.87499999999,4353.1875,-311.625,5004.625,-1584.0625,-237.0625,-7557.56249999999,511.437499999999,-140.8125,-7988.75,4215.75
"1",2492.5625,-901.6875,-185.249999999999,-2237.5625,2720.6875,-424.625,-165.875,-2257.4375,2786.6875,-814.687499999999,59.625,-1807.125,2390.6875,-643.812499999999,-186.375,-1972.5625,2458.875,-326.3125,-153.8125,-2064.25,2641.0625,-1237.9375,-172.625,-1789.25,2578.25,-1607.375,-148.9375,-1724.75,2455.9375,-764.999999999999,-126.875,-2206.6875
"1",-2894.8125,-1417.4375,871.249999999998,-593.937499999999,4094.25,-3101.125,-1509.3125,785.374999999999,-543.312499999999,4005.375,-2023.8125,-1145.75,-921.187499999999,-842.062499999999,4797.1875,-1405.1875,-1321.9375,-2860.4375,444.125,6670.6875,-911.375,-3557.5,-3655.6875,539.5625,6324.875,-793.749999999999,-1758.375,-3062.4375,-133.875,6059.4375,-1017.25,-3629.5
"1",-1337.875,2523.5625,1312.6875,-551.5,3397.8125,1750.75,-327.562499999999,2635.25,1454.5,-392.062499999999,2998.1875,1671.0625,-349.937500000001,2675.8125,1492.4375,-229.562499999999,1740.0625,1344.0625,-208.3125,591.0625,1260.8125,-193.125,1965.875,1556.9375,-335.187499999999,2886.875,1975.75,-508.437499999999,2303,1336.75,-951.749999999999,2065.375
"1",-1495.4375,-599.124999999999,-1640.25,-651.562499999999,-209.375000000001,-3093.3125,2313.5,-776.124999999999,-495.4375,4892.3125,-2026.5,208.500000000001,-3058.4375,1741.1875,252.312499999998,-52.0624999999925,4406.0625,-1723.1875,-481.375,-3749.75,-294.312500000001,-243.937500000001,-840.937499999999,4346.68749999999,-1349.3125,-582.499999999999,668.9375,-999.749999999999,-218.8125,-1846.875,3547.0625,-1018.75
"1",-35.4374999999997,1692.875,-1435.125,-2.24999999999997,10.2499999999997,-2084.1875,-963.749999999999,-202.8125,-218.5625,3566.1875,-1359.1875,-7.74999999999982,3609.625,-163.0625,46.3750000000001,-189.9375,3443.8125,-501.1875,-194,-1986.5625,-161.25,-116.1875,-11.9375000000002,3646.125,-1287.25,24.0625000000004,3515.9375,-35.6874999999998,84.3124999999999,-258.75,3510.375,-877.749999999999
"1",-469.5625,-268,35.0625,7004.87499999999,-2036.3125,-48.2499999999999,-4720.3125,690.1875,-176.6875,200.5,7302.6875,-1977.3125,-30.5625,-5137.8125,764.9375,-207.25,-93.125,6027.8125,-2044,-80.6875000000001,-5048.4375,721.9375,-126.25,-153.625,6541.375,-2541.5,-241.1875,-5126,1624.3125,-125.5,-22.2500000000001,6574.0625
"1",-60.1875000000001,2449.25,-1341.3125,-411.062499999999,-624.437499999998,-828.187499999999,-235.8125,-1424.0625,-66.9999999999997,-109.5,-1739.3125,940.937499999998,-38.5624999999978,247.3125,3344.625,-10.6249999999998,-373.5625,2149.125,-1354.4375,-866.249999999999,2205.75,-1223.9375,-550.187499999998,1827.5625,-1493.375,52.4375000000009,-1501,-864.749999999999,341.625,-1170.625,286.1875,234.375
"1",990.9375,-727.624999999999,599.437499999999,1037.375,-1149.375,25.4999999999999,319.0625,-4148.0625,20.4375000000001,-82.1875000000001,202.375,1238.4375,1635.625,2725.5,770.624999999999,-858.687499999999,-253.875,133.5625,-1085.4375,871.0625,-618.0625,1076.375,1027.1875,-1203,-315.3125,-111.25,-3112,678.8125,-684.0625,-27.0625,1373.3125,-724.875
"1",105.1875,1647.8125,1331.75,-356.3125,197,351.375,-78.3750000000002,-4882.25,872.687499999999,-1060.375,-2.99999999999985,-178.25,-27.6875000000002,-630.125,7544.18749999999,-267.999999999999,271.999999999999,200.8125,-167.812499999999,156.1875,-5769.75,1887.9375,-1175,316.749999999999,25.8750000000002,-113.25,-326.249999999999,5513.1875,-682.812499999999,-480.999999999999,-55.4374999999994,-815.625
"1",-1722.125,-39.5,-1894.5625,-690.437499999999,178.875,-1919.75,-860.312499999999,340.6875,-1843.375,-1585.125,352.125,-1945.25,-264.75,848.6875,-1152.0625,-95.6874999999999,865.187499999999,-569.499999999999,1238.0625,761.812499999999,678.249999999999,2963.3125,-493.0625,274.125,1774.75,1194.6875,-255.5,1995.75,1002.4375,-418,2713.5,212.5
"1",-833.562500000001,192.312499999999,-4248.0625,-864.125000000001,-9422.37499999999,-2268.875,-724.937500000002,-11426.6875,-1510.06249999999,-739.1875,-12069.625,-1229.3125,-768.5625,-7374.1875,-3255.31249999999,-1063.8125,1767.875,-4813.0625,-945.5625,7961.56249999999,-6190.25,-813.9375,10569.5,-6534.99999999999,-1049.1875,11772,-6517.93749999999,-978.249999999999,13733.5625,-5198,69.5,15358.25
"1",5709.625,-689.999999999999,-115.75,9.18749999999981,-5233.5625,-640.749999999999,-241.4375,3837,-2906.1875,-282.8125,1597.5625,1504.5625,-430.9375,44.8124999999998,1888,-6860.375,-544.3125,902.437499999999,4778.1875,-542.8125,-101.8125,1214.1875,-5995.5,-571.875,851.499999999999,5086.1875,-620.6875,-239.25,1103.875,4186.125,-465.125,-201.125
"1",-840.75,3450,-2197.375,104.8125,4316.8125,-1239.5,1694.125,4620.9375,-852.062499999999,687.312499999999,2445.1875,-878.749999999999,1097.5,2658.875,-859.062499999999,913.624999999999,2777.25,-816.124999999999,1449.4375,93.8749999999995,-621.3125,1109.1875,-4620.375,-495.9375,2411.375,-4776.875,-455.75,3719.25,-2207.125,-157.875,4025,-1766.75
"1",-5963.62499999999,-758.374999999999,150.25,2005.5,-5612.1875,-776.9375,1234.5,4642.4375,-1513.6875,21.3125,215.1875,-2369.9375,-787.687499999999,109.375,2123.0625,-5970.81249999999,-779.624999999999,106.3125,2134.75,-5604.62499999999,-722.062499999999,3.12500000000028,1698.0625,-3815.5625,-521.875,1393,3312.4375,-273.1875,110.125,1452.4375,-1403.9375,-790.6875
"1",-2095.875,-14088.6875,-1152.43749999999,15021.9375,-1808.625,-978.312500000001,-910.1875,-10921.75,603.812499999998,196.624999999997,12913.4375,-2366.81249999999,10226.875,-4502.125,-10436.1875,-3889.1875,242.875,10108.25,-3668.75,10492.1875,-5141.125,-6618.68749999999,-321.437499999999,-9164.56249999999,885.812500000001,-3848.3125,10063.625,-883.124999999999,1965.6875,-1206.25,10505.5625,-5079.375
"1",-4634.9375,-10126.25,-1618.625,456.437499999999,8974.43749999999,-3816.8125,6472.625,-6743.4375,-9090.99999999999,1714.3125,-6243.31249999999,7738.18749999999,-449.0625,13756.1875,-2270.4375,-10793.625,-5091.5,-3418.25,11921,-347.6875,12617.8125,-2877,9074.81249999999,-4454.5,-9649.12499999999,-3499.9375,-9690.06249999999,1351.125,733.062499999999,-3870.1875,-3932.5,-10652.0625
"1",1.25000000000036,-1484.5625,-283.5625,-347.0625,-1723,4571,-922.3125,137.4375,4111.5,-3766.0625,226.9375,-1343.5625,-234.75,-435.75,-1836.4375,4311.5,-756.687499999999,163.3125,4204.625,-3986.25,163.3125,-1384.875,780.187499999998,-228.1875,393.9375,5632.125,-1534.25,88.6250000000003,3540.375,-4431.625,-269.187499999999,-2193.1875
"1",4498.875,1693.375,29.75,-664.062499999999,-8438.49999999999,2524.75,-32.4999999999999,6233.87499999999,-2173.5625,728.312499999999,-207,5734.31249999999,1217.6875,203.625,-627.499999999999,-7506.24999999999,2513.25,90.2500000000001,3689.9375,-4964.1875,999.312499999999,123.875,7366.12499999999,-163.5,510.3125,-453.625,-5719.875,2332.5,1801.125,-7789.81249999999,1310.4375,-25.5625
"1",-388.1875,-5503.4375,-1085.9375,-358.5,2418.625,68.9375,1610.875,4689.3125,656.8125,-1676.8125,-206.8125,-213.875000000001,-2564.25,-1178.25,-437.625,1484.5,-406.0625,-397.625,2854.75,336.6875,-1542.4375,349.625,69.5000000000002,-1888.8125,-826.499999999999,-581.1875,2306.1875,-494.25,566.1875,4253.25,284.624999999999,-2080.25
"1",2003.875,108.750000000001,-94.6250000000007,266.437499999999,1648.4375,255.312499999999,-17.500000000002,-876.874999999998,-615.3125,-56.4374999999979,181.062500000002,-1104.5625,-647.5,-70.6875000000004,113.187499999999,-1927.375,-793.8125,-205.9375,222.437500000001,1680.1875,-70.4375000000013,-129.249999999999,-339.375,1237.375,521.5,-29.8124999999999,256.437499999999,1922.125,350.5,-71.6250000000013,-993.937499999999,-31.937500000001
"1",9276.75,-2788.1875,-566.5,7941.31249999999,-5129.25,-686.812499999998,4458.875,-5411.5625,-862.437499999999,-3160.0625,-4430.0625,-618.687499999999,-3443.75,-3811.0625,-725,-3656.5625,-3797.25,-1087.8125,-3531.5625,-1309.625,-1292.3125,-4924.375,3816.875,-873.749999999999,58.4375,10722.875,-1121.5625,-458.75,8047.43749999999,-5027.5,-649.124999999999,-4290.6875
"1",-83.9999999999999,-3138.125,3398.75,-961.312499999998,-2422.1875,1537.4375,-369.937500000001,-2575.625,2371.5625,-50.4374999999988,-223.625,5031.125,-1220.125,-168.375,5388.3125,-1243.5625,-425,1720.75,-2312.125,-871.312499999999,3999.0625,-1686.25,-228.562499999999,219.375,-1795.1875,-1143.9375,1277.4375,-2573.375,-1066.8125,3760.25,-2032.125,-2415.75
"1",-3243.1875,-235.1875,15939.375,-1626.375,-12474.75,2856.5,-819.687500000001,-13378.3125,-1850.125,-876.5,14964.125,-3696.625,1476.4375,17831.875,-1373.0625,-12196.1875,1445.625,-777.625000000001,-13161.25,-2721.4375,-770.937499999999,14353.1875,-2802.1875,-239.249999999999,14686.125,-868.9375,-11837.6875,909.375000000001,-867.4375,-12788.6875,-3045,-960.062499999999
"1",-1453.8125,458.9375,-195.1875,-2448.0625,5302,-2835.3125,-506.0625,1957,-1024.375,95.1874999999999,-2423.875,4528.875,-2287.4375,-706.625,2840.875,-2231.375,-350.75,-3875.25,4949.75,-867.9375,-287.25,5264.3125,-4539.8125,-394.75,-3034.6875,4047.3125,-447.5,-411.8125,4751.875,-4473.75,-429.124999999999,-3363.875
"1",-290.937500000002,3787.25,-4473.25,-2092.31249999999,-25210.5625,12812.25,-2891.125,-24072.6875,17452.75,-4846,-3974.9375,33162.8125,-15686.5,-458.874999999999,12764.375,-8044.31249999999,-1447.8125,-24462.875,10274.5,-1911.3125,-24715.875,12929.125,-2138.375,-20172.125,21169.6875,-7374.62499999999,-2707,33844.75,-15418.3125,-1125.75,34357.1875,-15954.1875
"1",-6429.6875,-23661.9375,15318.625,-2823.25,-24235.125,10465.25,-1663.625,-24065.5625,13644.1875,-2253.5,-7085.12499999999,30096.0625,-13395.25,-4072.9375,31987.6875,-14451.375,-6471.31249999999,31345,-13563.9375,-4856.0625,32356.6875,-14128.8125,-9859.81249999999,28659.9375,-11655.1875,-22650.4375,17833.625,-4177.8125,-24543.75,13512.125,-2117.5,-24178.3125
"1",-252.25,70.4375,-4219.1875,-770.687499999999,-225.5,254.5,5358,-2063.625,-39.7499999999999,-1470.1875,4109.5,-144,304.1875,-3314,-1391.875,-221.625,-2652.375,3219.0625,-181.875,142.8125,-4340.25,-627.249999999999,-150.9375,314.75,5578.875,-2015.75,-176.6875,-1568.6875,5576.6875,-467.3125,33.4375,-4487.875
"1",-8379.87499999999,-14906.25,11795.5625,-754.562499999999,19188.25,-8001.24999999999,-18744.8125,4340.1875,-5379,-988.499999999999,241.1875,-20854.8125,262.75,-3917.5,26713.5,-2139.8125,-10552.25,-9127.93749999999,-15238.9375,11612.8125,-651.875,11001.6875,-9086.81249999999,-17713.0625,8296.56249999999,-94.7499999999999,20564.8125,-8089.87499999999,-20715.875,-6161.25,-1186.1875,8296.56249999999
"1",1316.1875,-886.624999999999,2154.75,-6246.5625,565.499999999999,-523.9375,3148.5625,-5876.6875,615.999999999999,-536.8125,3169.1875,-5774.25,429.0625,-422.375,3241.25,-5518.875,751.187499999999,-252.75,7033.3125,-1432.875,-8.12499999999891,-415.875,7415.87499999999,-628.0625,-333.4375,-235.125,6373.37499999999,752.5625,-275.874999999999,-188,908.249999999998,1012
"1",6767.62499999999,-2978.9375,-239.125,2835.3125,-4795.8125,-621.1875,-2785.25,-41.0624999999998,-1202.8125,-1752.1875,5312.6875,-1016.125,-321.624999999999,5276.8125,-3500.4375,-370.062499999998,681.0625,-4858.3125,-729.312499999999,-1503.25,1134.8125,-1188.6875,-1285.125,6109.125,-1020.875,-279.749999999999,6002.6875,-3215.75,-330.312500000001,1248.4375,-4350.625,-948.0625
"1",-1395.625,5392.43749999999,-3606.625,-1271.0625,7591.31249999999,-3476.5625,-1016.6875,8122.37499999999,-1168.5625,-450.3125,7217.74999999999,-666.312499999999,-3800,2486.625,-471.5,-3855.375,752,-356.125,-2508.4375,-1811.25,-966.687499999999,-4939,-2600.0625,-1104.1875,3339.3125,-3389.4375,-1177.1875,6875.25,-3257.1875,-1248.75,7413.99999999999,-2431.75
"1",-22747.6875,3895.93749999999,-634.3125,-38.3750000000021,-22102.1875,3885.375,-398.5625,-99.062499999999,4535.8125,-3507.5625,-1227.0625,-13.1249999999996,25587,-7796.12499999999,-843.6875,426.687499999999,27015.375,-8807.56249999999,-747.625,-8423.74999999999,20890.9375,-4179.875,-404.6875,-21254.3125,6516.4375,-783.312499999999,-186.499999999999,-22919.5625,5322.6875,-666.187500000002,-321.999999999999,-8678.74999999999
"1",1160.5,-530.9375,-2081.3125,119.5,-349.312499999999,5458.375,-859.625,-72.5000000000003,-1274.75,-3435.1875,1271.3125,-601.437499999999,-629.624999999999,-700.5,-656.937499999999,2793.1875,-339.375,329.5,-555.749999999999,-2074.0625,467.3125,-271.375,4793.3125,-958.562499999999,-230.125,-2205.1875,-4091.875,1026.4375,-455.375,5323.1875,-1078.125,-349.25
"1",-1656.1875,775.4375,-26.2499999999993,1628.0625,741.124999999999,1192.8125,290.3125,2755.5625,-286.75,566.5625,272.125,4828.9375,-941.375,-9.00000000000005,431,5819.8125,-1124.0625,-356,-237.9375,127.625,-1350.125,-631.0625,-326.4375,-1372.25,-1061.375,-333.625,-1152.3125,-1176.875,-454.6875,-261.8125,-2349.6875,-2214.3125
"1",150.375000000001,7172.43749999999,-3663.0625,-172.9375,-4091.125,2006.125,-234.250000000001,-2670.0625,4916.875,-592.6875,-1415.375,5176.375,-516.25,-3274.6875,3060.375,-252,-3379.8125,2037.5,-492.312499999999,-3206,3543.75,-479.499999999999,-177.8125,-3895.4375,-2074.125,-415.9375,-83.9375000000003,6622.9375,-3097.5625,-148.4375,-4890.125,2950.875
"1",-3586.875,-262.0625,-2898.875,2527.5,-498,-1835.0625,3927.75,-1115.4375,160.1875,993.124999999999,-2655.125,-293.75,-113.124999999999,-3666,2377.75,-313.8125,190.625,-3514.125,4355.4375,-1165.1875,292.3125,-3172.8125,3523.4375,-583.874999999999,-266.375,-3296.1875,455.4375,-134.25,-518.375,4895.5625,-1241.75,-292.374999999999
"1",-3045.9375,-1660.5,-863.1875,4985.1875,2625.9375,-319.25,387,-2333.1875,-1621.1875,-6.87499999999959,-3888.4375,-1739.1875,-569.125,4106.0625,3534.9375,-419.624999999999,359.5,-2586.25,-2436.9375,-271.9375,1161.8125,-412.5,-882.625,5717.875,3762.6875,-663,126.5625,-3195.625,-1894.1875,-167,-1100.5,-1037.9375
"1",-2536.5,-1197.125,1141.75,214.1875,795.6875,3141.5625,642.375,-65.0000000000001,191.000000000001,-2723.4375,-1735.9375,655.0625,-64.1249999999988,-413.187499999999,1877.6875,1097.5,-189.562499999999,38.2499999999996,-2428.125,-1698.875,554.125,-57.3749999999998,-695.187499999999,1618.6875,940.4375,-46.1874999999997,220.999999999999,145.625,-1576.625,463.1875,-190.75,-1645
"1",6739.68749999999,-196.062500000001,-29.9374999999985,29.6875000000015,442.125,-6568.25,1149.0625,85.0000000000001,-361.437499999999,-1383.125,-1453.4375,4443.25,-36.9375000000002,-5234.5,-581.25,-447.1875,483.749999999999,7159,278.0625,-4765.1875,1527,70.0000000000002,24.1874999999996,-7658.24999999999,-1735,-239.812500000001,-2605.0625,4002,800.6875,-4822.125,57.7500000000003,182.6875
"1",9569.3125,-171.437499999998,-8155.62499999999,6075.5,-251.812499999998,-12020.6875,647.874999999997,887.625000000001,-10430.375,-1787.0625,689.812499999999,9285.31249999999,-643.125000000001,-933.499999999997,11213.8125,-179.249999999998,-1564.0625,12717.4375,-281.5,-1174.3125,13897.5625,-406.8125,-1023.625,13838.8125,-717.3125,387.687499999999,13217.5625,-1211.1875,682.125,10198.375,-942.687499999999,723.25
"1",1203.875,-1191.8125,-970.624999999999,5315.1875,-5542.25,-82.8124999999998,5828.1875,-2147.875,-267.312499999999,1929.875,-764.812499999999,4215.4375,-3881.0625,-415.9375,3358.8125,-1579.4375,125.499999999999,1224.625,-841.624999999999,5452.9375,-5342.74999999999,574.562499999999,5856.24999999999,-1174.4375,1182.3125,-1114.9375,-1042.9375,1878.1875,-2942.25,-1370.3125,1745.375,-726.874999999999
"1",-2447.25,10297.1875,-2652.8125,137.125000000001,-3595.75,2215.375,-469.125,260.687499999999,-1593.3125,-2465.8125,-996.187499999999,-98.8750000000015,8367.68749999999,-8971.93749999999,-654.812499999999,11.1874999999996,9195.31249999999,-9774.37499999999,-561.3125,-115.187499999999,8253.74999999999,-7958.24999999999,-450.6875,-2494,8360.56249999999,-2203.8125,201.25,-4661.6875,1291.6875,-578.3125,1092.625,12589.875
"1",-3052.25,4118.9375,343.5,-245.624999999999,72.2499999999999,8710.93749999999,-2899.3125,-386.3125,38.5624999999998,-7251.81249999999,-402.437500000001,-211,40.7500000000004,-7174.5625,694.5,816.312499999999,-33.6250000000005,-2550.625,5138.625,147.625,-241.874999999999,-37.4374999999996,8444.81249999999,-2928.5625,-452.125,29.7499999999993,-6601,-866.249999999999,-208.687499999999,1.62500000000037,-6982.8125,464.25
"1",-15020.0625,5287.31249999999,-555.937499999999,31.1250000000017,-273.999999999999,-16232.875,5876.5625,-295.0625,344.187499999999,-86.3124999999983,-13566.375,5149.25,-967.187499999997,-446.8125,-612.250000000001,-3769.6875,2592,-808.062499999999,-432.374999999999,211.812500000003,14156.9375,-1946.0625,-1865.9375,-476.062499999998,-613.1875,10527.75,-9302.74999999999,1250.3125,-802.750000000002,-793,1606.375,-16642.6875
"1",4116.125,-479.250000000001,5670.3125,-3384.625,-791.187499999999,-524.812499999999,-6125.62499999999,4456.9375,-318.75,6300.25,-2632.625,-833.249999999999,-557.187499999999,-4980.125,3980,-552.1875,6595.56249999999,-2086.4375,-766.124999999999,-562.124999999999,-8325.43749999999,4512.4375,-426.375,3603.875,-5781.125,-868.1875,-1150.5,3990.3125,4290.375,-324.75,1799.9375,-8607.24999999999
"1",-912.125,-250.125000000001,13373.25,-1635.37499999999,222.812500000001,8132.5,-6492.56249999999,562.937499999999,-2576.8125,-8865.18749999999,332.937499999999,-5114.8125,9401.75,-1441.375,227.687500000001,386.937500000002,-10412,-1024.4375,-3165.9375,4640.81249999999,-904.875,949.000000000001,11438.375,-5058.93749999999,28.7499999999977,-4956.125,-7129.4375,592.125,466.249999999997,13896.9375,-2829.4375,-93.4375
"1",35500.4375,-21576.9375,-399.8125,-32524.875,13270.4375,-976.624999999999,188.3125,36514.875,-21125.625,-469.9375,-26205.75,29651.75,-5372.875,-240.562499999999,13265.625,-19069.9375,-1212.8125,-20336.25,33536.25,-6354,-631.874999999997,-8749,-14314.5625,-291.8125,-741.812500000001,56360,-14539.3125,-462.0625,-33985.9375,4282.1875,-3031.43749999999,775.375
"1",-528.874999999999,37825.0625,-2450.875,-741.749999999999,-23444.75,2595.6875,1288.75,-161.749999999998,-22220.25,-13898.8125,80.6875000000002,-53.8124999999996,11787.6875,-17615.75,-1087.75,-23.4375,37352.1875,-4607.25,-158.5625,-23638.5625,426.124999999998,1033.125,611.6875,305.999999999999,-17555.1875,-553.499999999999,-95.75,36010.3125,-11541.3125,-1411.25,-1331.3125,37014.625
"1",-3411.625,4025.125,-44.7499999999991,-544.374999999998,-3836.0625,4570.875,-382.3125,390.874999999999,-3820.6875,3480,-274.000000000001,-348.6875,-3532.5625,3469.1875,-249.5625,-146.062500000001,-4520.1875,3999.6875,-245.874999999999,718.562499999999,-4626.5625,1837.5,-71.0000000000014,2678.625,-2332.6875,1392.5,-202.187499999999,2648.1875,-3675.625,2154.25,15.8749999999995,3425.9375
"1",14983.875,-8406.74999999999,-393.625,-12583.375,8241.81249999999,-162.875,-348.125,16378.875,-10214.875,-753.062499999999,-11179.875,4872.18749999999,-45.6249999999999,286,16232.8125,-8942.74999999999,-743.1875,-11896.375,3355.625,240.4375,-924.312499999999,16895.875,-7833.49999999999,-608.375,-3208.5625,-271.9375,30.4374999999999,-8824.81249999999,10068.4375,-5053.875,-585.9375,9775.31249999999
"1",9179.87499999999,-175.625000000001,11947.6875,-1215.4375,-3079.5625,-3632.125,-9268.125,-1592.625,-3148,8788.43749999999,13.749999999997,11714.875,-1122,-514.937499999999,-3645.5625,-8446.49999999999,-2692.625,-5993.6875,5526.24999999999,-307.187499999996,12609.5625,-407.562500000001,5080.8125,-2878.75,-7521.68749999999,-2996.875,-7295.74999999999,2394.9375,-503.749999999998,12199.4375,-234.000000000001,9795.87499999999
"1",5050.5,-831.187499999999,-4086.5,2161.125,-810.437499999999,-3533.25,277,-723.6875,-2715,-961,-916.187499999999,-3623.625,-470.1875,-869.812499999999,-4187.3125,2035.6875,-908.124999999999,-14.9374999999997,8353.68749999999,-1754.5625,-123.4375,6211.8125,-3506.4375,-455.4375,4398.3125,-3133.375,-594.625,3342.75,-3550.6875,-607.25,4390.25,-3860.8125
"1",-334.3125,-2650.1875,-3266.9375,-579.687499999999,3422.3125,-4201.75,963.9375,6748.24999999999,-1165.8125,-664.4375,1402.25,-31.4999999999993,-2514.0625,-3762.625,-366.3125,3611.125,-4350.25,258.937499999999,6409.31249999999,-2213.75,-498.874999999999,3980.75,-539.5,-1724.9375,-2342.875,-856.624999999999,2899.5,-3919.125,875.187499999998,6931.43749999999,-851.999999999999,-695.875
"1",-4992.9375,-5771.18749999999,-9081.68749999999,-7914.4375,618.625,-663.749999999999,16413.5625,-1720.5625,9145.68749999999,-7882.81249999999,-7744.43749999999,-2903.875,-663.312499999999,17455.5,-1301.25,-7661.12499999999,-8216.74999999999,-275.25,17872.375,-1234.6875,-495.187499999998,-9844.93749999999,-7571.68749999999,7709.375,-665.812499999999,14782.6875,-6300.0625,-7347.0625,-6637.375,-4277.375,11715.625,-800.187499999999
"1",15577.0625,-3904.6875,-12378.5625,-1380,-63.7499999999999,27541.9375,-6806.3125,-20450.625,3031.5,-790,22117.875,-8120.24999999999,-17015.6875,10757.625,-2674.875,6342.06249999999,-5176.5,-4060.3125,22071.5625,-5183.9375,-20319,1131.5,-425.6875,26109.3125,-7971.06249999999,-20927.625,4136.3125,-1046.625,23572.625,-8190.18749999999,-18374.25,7258.24999999999
"1",-2008.9375,-163.312499999998,-3190.5,-699.4375,-138.4375,-291.000000000001,6022.5,-378.249999999996,-285.749999999997,5142.6875,-2602.1875,-75.3125000000027,-3661.6875,-18.9999999999975,-71.937499999998,409.000000000001,5825.5625,-252.250000000001,-244.875,4312.4375,-2422.625,-175.125000000002,-3700.06249999999,529.8125,75.9375000000012,-39.0624999999991,6683.31249999999,-635.562500000001,162.437500000003,4518,-2447.375,-195.312499999996
"1",-31211.1875,1380.125,-680.5625,-979.9375,34250,-11021.5,-945.062499999999,-17302.8125,26194.375,-3953.25,267.249999999999,-32211.4375,2545.0625,-596.875,-1007,30324.1875,-10501.3125,-837.499999999999,-25826.5,17113.625,-1644.9375,-132.499999999998,21017.9375,-9426.62499999999,-828.062499999999,-27744.5,11509.625,-1077.625,-1223.5,39641.6875,-8833.68749999999,-311.812499999999
"1",472.25,176.124999999999,272.312499999999,-265.375,-536.5625,-947.249999999994,-82.8750000000004,247.937499999994,203.125000000001,117.999999999998,-2045.75,-312.5,-73.1249999999951,262.749999999999,268.562499999998,1157.00000000001,-2716.5625,184.562499999999,139.75,-427.8125,76.5000000000007,-618.874999999999,-168.125,439.374999999998,2734.5,-1362.6875,136.062499999999,23.0000000000001,-119.749999999998,-291.687500000002,2239.5,-232.374999999999
"1",14307.6875,53432.4375,-42649,-46072.6875,19200.25,60757.8125,-36521.5,-14491.625,56577.6875,-36261.1875,-21054.375,55477.1875,12832.8125,-53525,-10019.375,-29610.5,4301.5,40063,-46059.1875,-15787.875,51387.8125,49452.4375,-42801.875,-42143.4375,24120.9375,62219.9375,-641.437500000005,-54398.8125,-22240.375,59359.5,-12601.125,-51305
"1",22675.5,-4552.6875,-156.4375,11.4375000000002,-11396.25,10302.5625,-1153.125,122.0625,-84.9999999999999,-14821.375,2982.4375,-314.25,-304.5,288.9375,-13449.0625,-2141,-768.312499999999,-18.8749999999999,16292.0625,-7795.87499999999,-328,19115.5,-7268.56249999999,-581.75,44.9999999999999,-338.312499999999,21280.1875,-5980.4375,-212.1875,-51.25,-8319.87499999999,13127.875
"1",-203.062499999996,-22.5625000000027,3651.93749999999,-3429.37500000001,-825.062499999997,-21.687499999995,8847.375,-5817.125,-667.562499999996,-110.937499999998,11705.3125,-8355.24999999999,-1019.93750000001,-225.500000000003,11805.75,-7594.74999999999,-741.375000000001,338.375000000005,13233.3125,-7501.1875,-511.937500000002,-6823.9375,5736.74999999999,-2151.24999999999,-51.8750000000004,-6147,6065.8125,-1167.625,-12.0624999999986,-6602.5,5506.24999999999,-367.499999999999
"1",-187.624999999997,314.124999999999,13954.6875,-10149.3125,-946.124999999997,259.937500000002,-11016,9207.74999999999,-1329.875,-398.062499999997,1024.625,21266.8125,-3772.25,-621.312499999999,704.437499999999,22332.75,-4396.49999999999,-531.187500000001,-973.125000000001,21564.9375,-3414,-211.312500000001,732.750000000001,22455.0625,-4892.875,-456.562499999999,247.562499999999,16697.1875,-9827.68749999999,-810.9375,790.874999999999,1909.375
"1",-471.3125,2352.125,6379.375,-491.125,946.812499999999,6092.31249999999,-3341.3125,-151.375,1342.25,-8108.56249999999,-117.9375,-163.0625,-7900.62499999999,-340.9375,1526.75,-3053,-485.9375,2973.9375,3155.6875,-503.25,2513.0625,7148.87499999999,-611.1875,1892.5625,6925.81249999999,-2536.125,-305.5625,1426.6875,-5976.6875,-128.5,-131.6875,-7578.4375
"1",4140.875,6850.62499999999,-1144.625,273.062500000001,-384.812499999998,-8980.56249999999,-672.625,2909.4375,7604.3125,-2923.25,95.8125000000001,-295.8125,-1786.375,-1177.3125,283.0625,1763,-8216.56249999999,-421.25,4180.8125,5047.875,-1114.8125,-47.9374999999996,308.437500000001,-9454.12499999999,-727.125,4034.625,7628.49999999999,-1404.375,91.2500000000005,-409.8125,-8630.62499999999,-1026.75
"1",-806.437500000001,1211.125,-561.312500000001,48.9374999999992,950.124999999999,-226.6875,-185.4375,300.937500000001,485.312499999999,-2776.875,948.874999999999,-217.25,-750.749999999999,1183.625,-1090.3125,-236.749999999998,-428.874999999999,120.687499999998,1350.8125,-769.625,581.25,1641.75,-403.75,-1430.6875,484.5625,-363.3125,-60.4999999999991,-314.5,747.9375,-2492.6875,1086.1875,-2351.75
